Onset,Offset,MIDI number,Pitch name,Duration,Staff,Measure,Beat in Measure
0.0,0.5,48,C3,0.5,1,0,0.0
0.0,0.5,52,E3,0.5,1,0,0.0
0.0,0.5,36,C2,0.5,1,0,0.0
0.5,1.0,43,G2,0.5,1,0,0.5
0.5,1.0,48,C3,0.5,1,0,0.5
0.5,1.0,52,E3,0.5,1,0,0.5
0.5,1.0,36,C2,0.5,1,0,0.5
1.0,1.5,48,C3,0.5,1,0,1.0
1.0,1.5,52,E3,0.5,1,0,1.0
1.0,1.5,36,C2,0.5,1,0,1.0
1.0,1.5,43,G2,0.5,1,0,1.0
1.5,2.0,52,E3,0.5,1,0,1.5
1.5,2.0,36,C2,0.5,1,0,1.5
1.5,2.0,43,G2,0.5,1,0,1.5
1.5,2.0,48,C3,0.5,1,0,1.5
2.0,2.5,43,G2,0.5,1,0,2.0
2.0,2.5,48,C3,0.5,1,0,2.0
2.0,2.5,52,E3,0.5,1,0,2.0
2.0,2.5,36,C2,0.5,1,0,2.0
2.5,3.0,43,G2,0.5,1,0,2.5
2.5,3.0,36,C2,0.5,1,0,2.5
2.5,3.0,48,C3,0.5,1,0,2.5
2.5,3.0,52,E3,0.5,1,0,2.5
3.0,3.5,48,C3,0.5,1,0,3.0
3.0,3.5,52,E3,0.5,1,0,3.0
3.0,3.5,36,C2,0.5,1,0,3.0
3.0,3.5,43,G2,0.5,1,0,3.0
3.5,4.0,48,C3,0.5,1,0,3.5
3.5,4.0,52,E3,0.5,1,0,3.5
3.5,4.0,36,C2,0.5,1,0,3.5
3.5,4.0,43,G2,0.5,1,0,3.5
4.0,4.5,43,G2,0.5,1,1,0.0
4.0,4.5,48,C3,0.5,1,1,0.0
4.0,4.5,52,E3,0.5,1,1,0.0
4.0,4.5,36,C2,0.5,1,1,0.0
4.5,5.0,48,C3,0.5,1,1,0.5
4.5,5.0,52,E3,0.5,1,1,0.5
4.5,5.0,36,C2,0.5,1,1,0.5
4.5,5.0,43,G2,0.5,1,1,0.5
5.0,5.5,48,C3,0.5,1,1,1.0
5.0,5.5,52,E3,0.5,1,1,1.0
5.0,5.5,36,C2,0.5,1,1,1.0
5.0,5.5,43,G2,0.5,1,1,1.0
5.5,6.0,52,E3,0.5,1,1,1.5
5.5,6.0,36,C2,0.5,1,1,1.5
5.5,6.0,43,G2,0.5,1,1,1.5
5.5,6.0,48,C3,0.5,1,1,1.5
6.0,6.5,48,C3,0.5,1,1,2.0
6.0,6.5,52,E3,0.5,1,1,2.0
6.0,6.5,36,C2,0.5,1,1,2.0
6.0,6.5,43,G2,0.5,1,1,2.0
6.5,7.0,43,G2,0.5,1,1,2.5
6.5,7.0,54,F#3,0.5,1,1,2.5
6.5,7.0,50,D3,0.5,1,1,2.5
6.5,7.0,36,C2,0.5,1,1,2.5
7.0,7.5,50,D3,0.5,1,1,3.0
7.0,7.5,54,F#3,0.5,1,1,3.0
7.0,7.5,36,C2,0.5,1,1,3.0
7.0,7.5,45,A2,0.5,1,1,3.0
7.5,9.0,50,D3,1.5,1,1,3.5
7.5,9.0,55,G3,1.5,1,1,3.5
7.5,8.0,45,A2,0.5,1,1,3.5
7.5,8.0,36,C2,0.5,1,1,3.5
8.0,8.5,43,G2,0.5,1,2,0.0
8.0,8.5,35,B1,0.5,1,2,0.0
8.5,9.0,35,B1,0.5,1,2,0.5
8.5,9.0,43,G2,0.5,1,2,0.5
9.0,9.5,35,B1,0.5,1,2,1.0
9.0,9.25,59,B3,0.25,1,2,1.0
9.0,9.5,43,G2,0.5,1,2,1.0
9.25,9.5,57,A3,0.25,1,2,1.25
9.5,10.0,55,G3,0.5,1,2,1.5
9.5,10.0,35,B1,0.5,1,2,1.5
9.5,10.0,43,G2,0.5,1,2,1.5
10.0,10.5,43,G2,0.5,1,2,2.0
10.0,10.5,35,B1,0.5,1,2,2.0
10.5,11.0,35,B1,0.5,1,2,2.5
10.5,11.0,43,G2,0.5,1,2,2.5
11.0,11.5,35,B1,0.5,1,2,3.0
11.0,11.5,43,G2,0.5,1,2,3.0
11.5,12.0,35,B1,0.5,1,2,3.5
11.5,12.0,43,G2,0.5,1,2,3.5
12.0,12.5,35,B1,0.5,1,3,0.0
12.0,12.5,43,G2,0.5,1,3,0.0
12.0,13.25,86,D6,1.25,0,3,0.0
12.5,13.0,35,B1,0.5,1,3,0.5
12.5,13.0,43,G2,0.5,1,3,0.5
13.0,13.5,35,B1,0.5,1,3,1.0
13.0,13.5,43,G2,0.5,1,3,1.0
13.25,13.5,84,C6,0.25,0,3,1.25
13.5,13.75,83,B5,0.25,0,3,1.5
13.5,14.0,35,B1,0.5,1,3,1.5
13.5,14.0,43,G2,0.5,1,3,1.5
13.75,14.0,81,A5,0.25,0,3,1.75
14.0,15.0,79,G5,1.0,0,3,2.0
14.0,14.5,35,B1,0.5,1,3,2.0
14.0,14.5,43,G2,0.5,1,3,2.0
14.5,15.0,43,G2,0.5,1,3,2.5
14.5,15.0,35,B1,0.5,1,3,2.5
15.0,15.5,43,G2,0.5,1,3,3.0
15.0,15.5,35,B1,0.5,1,3,3.0
15.5,16.0,35,B1,0.5,1,3,3.5
15.5,16.0,43,G2,0.5,1,3,3.5
16.0,16.5,46,A#2,0.5,1,4,0.0
16.0,16.5,50,D3,0.5,1,4,0.0
16.0,16.5,34,A#1,0.5,1,4,0.0
16.0,16.5,41,F2,0.5,1,4,0.0
16.5,17.0,46,A#2,0.5,1,4,0.5
16.5,17.0,50,D3,0.5,1,4,0.5
16.5,17.0,34,A#1,0.5,1,4,0.5
16.5,17.0,41,F2,0.5,1,4,0.5
17.0,17.5,50,D3,0.5,1,4,1.0
17.0,17.5,46,A#2,0.5,1,4,1.0
17.0,17.5,41,F2,0.5,1,4,1.0
17.0,17.5,34,A#1,0.5,1,4,1.0
17.5,18.0,46,A#2,0.5,1,4,1.5
17.5,18.0,41,F2,0.5,1,4,1.5
17.5,18.0,34,A#1,0.5,1,4,1.5
17.5,18.0,50,D3,0.5,1,4,1.5
18.0,18.5,46,A#2,0.5,1,4,2.0
18.0,18.5,50,D3,0.5,1,4,2.0
18.0,18.5,34,A#1,0.5,1,4,2.0
18.0,18.5,41,F2,0.5,1,4,2.0
18.5,19.0,46,A#2,0.5,1,4,2.5
18.5,19.0,50,D3,0.5,1,4,2.5
18.5,19.0,34,A#1,0.5,1,4,2.5
18.5,19.0,41,F2,0.5,1,4,2.5
19.0,19.5,46,A#2,0.5,1,4,3.0
19.0,19.5,50,D3,0.5,1,4,3.0
19.0,19.5,34,A#1,0.5,1,4,3.0
19.0,19.5,41,F2,0.5,1,4,3.0
19.5,20.0,41,F2,0.5,1,4,3.5
19.5,20.0,34,A#1,0.5,1,4,3.5
19.5,20.0,46,A#2,0.5,1,4,3.5
19.5,20.0,50,D3,0.5,1,4,3.5
20.0,20.5,46,A#2,0.5,1,5,0.0
20.0,20.5,50,D3,0.5,1,5,0.0
20.0,20.5,34,A#1,0.5,1,5,0.0
20.0,20.5,41,F2,0.5,1,5,0.0
20.5,21.0,34,A#1,0.5,1,5,0.5
20.5,21.0,46,A#2,0.5,1,5,0.5
20.5,21.0,50,D3,0.5,1,5,0.5
20.5,21.0,41,F2,0.5,1,5,0.5
21.0,21.5,46,A#2,0.5,1,5,1.0
21.0,21.5,50,D3,0.5,1,5,1.0
21.0,21.5,34,A#1,0.5,1,5,1.0
21.0,21.5,41,F2,0.5,1,5,1.0
21.5,22.0,50,D3,0.5,1,5,1.5
21.5,22.0,46,A#2,0.5,1,5,1.5
21.5,22.0,34,A#1,0.5,1,5,1.5
21.5,22.0,41,F2,0.5,1,5,1.5
22.0,22.5,46,A#2,0.5,1,5,2.0
22.0,22.5,50,D3,0.5,1,5,2.0
22.0,22.5,34,A#1,0.5,1,5,2.0
22.0,22.5,41,F2,0.5,1,5,2.0
22.5,23.0,46,A#2,0.5,1,5,2.5
22.5,23.0,50,D3,0.5,1,5,2.5
22.5,23.0,34,A#1,0.5,1,5,2.5
22.5,23.0,41,F2,0.5,1,5,2.5
23.0,23.5,43,G2,0.5,1,5,3.0
23.0,23.5,48,C3,0.5,1,5,3.0
23.0,23.5,52,E3,0.5,1,5,3.0
23.0,23.5,34,A#1,0.5,1,5,3.0
23.5,24.0,43,G2,0.5,1,5,3.5
23.5,24.0,34,A#1,0.5,1,5,3.5
23.5,24.0,52,E3,0.5,1,5,3.5
23.5,24.0,48,C3,0.5,1,5,3.5
24.0,24.5,33,A1,0.5,1,6,0.0
24.0,24.5,41,F2,0.5,1,6,0.0
24.0,25.5,48,C3,1.5,1,6,0.0
24.0,25.5,53,F3,1.5,1,6,0.0
24.5,25.0,33,A1,0.5,1,6,0.5
24.5,25.0,41,F2,0.5,1,6,0.5
25.0,25.5,33,A1,0.5,1,6,1.0
25.0,25.5,41,F2,0.5,1,6,1.0
25.5,26.0,41,F2,0.5,1,6,1.5
25.5,25.75,57,A3,0.25,1,6,1.5
25.5,26.0,33,A1,0.5,1,6,1.5
25.75,26.0,55,G3,0.25,1,6,1.75
26.0,26.5,53,F3,0.5,1,6,2.0
26.0,26.5,33,A1,0.5,1,6,2.0
26.0,26.5,41,F2,0.5,1,6,2.0
26.5,27.0,33,A1,0.5,1,6,2.5
26.5,27.0,41,F2,0.5,1,6,2.5
27.0,27.5,33,A1,0.5,1,6,3.0
27.0,27.5,41,F2,0.5,1,6,3.0
27.5,28.0,33,A1,0.5,1,6,3.5
27.5,28.0,41,F2,0.5,1,6,3.5
28.0,28.5,32,G#1,0.5,1,7,0.0
28.0,28.5,41,F2,0.5,1,7,0.0
28.0,29.25,84,C6,1.25,0,7,0.0
28.5,29.0,41,F2,0.5,1,7,0.5
28.5,29.0,32,G#1,0.5,1,7,0.5
29.0,29.5,32,G#1,0.5,1,7,1.0
29.0,29.5,41,F2,0.5,1,7,1.0
29.25,29.5,82,A#5,0.25,0,7,1.25
29.5,29.75,80,G#5,0.25,0,7,1.5
29.5,30.0,32,G#1,0.5,1,7,1.5
29.5,30.0,41,F2,0.5,1,7,1.5
29.75,30.0,79,G5,0.25,0,7,1.75
30.0,31.0,77,F5,1.0,0,7,2.0
30.0,30.5,41,F2,0.5,1,7,2.0
30.0,30.5,32,G#1,0.5,1,7,2.0
30.5,31.0,32,G#1,0.5,1,7,2.5
30.5,31.0,41,F2,0.5,1,7,2.5
31.0,31.5,32,G#1,0.5,1,7,3.0
31.0,31.5,41,F2,0.5,1,7,3.0
31.5,32.0,32,G#1,0.5,1,7,3.5
31.5,32.0,41,F2,0.5,1,7,3.5
32.0,32.5,31,G1,0.5,1,8,0.0
32.0,32.5,41,F2,0.5,1,8,0.0
32.0,35.0,89,F6,3.0,0,8,0.0
32.5,33.0,31,G1,0.5,1,8,0.5
32.5,33.0,41,F2,0.5,1,8,0.5
33.0,33.5,31,G1,0.5,1,8,1.0
33.0,33.5,41,F2,0.5,1,8,1.0
33.5,34.0,31,G1,0.5,1,8,1.5
33.5,34.0,41,F2,0.5,1,8,1.5
34.0,34.5,31,G1,0.5,1,8,2.0
34.0,34.5,41,F2,0.5,1,8,2.0
34.5,35.0,31,G1,0.5,1,8,2.5
34.5,35.0,41,F2,0.5,1,8,2.5
35.0,35.25,89,F6,0.25,0,8,3.0
35.0,35.5,41,F2,0.5,1,8,3.0
35.0,35.5,32,G#1,0.5,1,8,3.0
35.25,35.5,87,D#6,0.25,0,8,3.25
35.5,35.75,86,D6,0.25,0,8,3.5
35.5,36.0,32,G#1,0.5,1,8,3.5
35.5,36.0,41,F2,0.5,1,8,3.5
35.75,36.0,84,C6,0.25,0,8,3.75
36.0,36.25,83,B5,0.25,0,9,0.0
36.0,36.5,31,G1,0.5,1,9,0.0
36.0,36.5,41,F2,0.5,1,9,0.0
36.25,36.5,84,C6,0.25,0,9,0.25
36.5,37.0,31,G1,0.5,1,9,0.5
36.5,37.0,41,F2,0.5,1,9,0.5
36.5,36.75,86,D6,0.25,0,9,0.5
36.75,37.0,87,D#6,0.25,0,9,0.75
37.0,37.5,32,G#1,0.5,1,9,1.0
37.0,37.5,41,F2,0.5,1,9,1.0
37.0,37.25,89,F6,0.25,0,9,1.0
37.25,37.5,87,D#6,0.25,0,9,1.25
37.5,38.0,32,G#1,0.5,1,9,1.5
37.5,37.75,86,D6,0.25,0,9,1.5
37.5,38.0,41,F2,0.5,1,9,1.5
37.75,38.0,84,C6,0.25,0,9,1.75
38.0,38.5,31,G1,0.5,1,9,2.0
38.0,38.25,83,B5,0.25,0,9,2.0
38.0,38.5,41,F2,0.5,1,9,2.0
38.25,38.5,84,C6,0.25,0,9,2.25
38.5,38.75,86,D6,0.25,0,9,2.5
38.5,39.0,41,F2,0.5,1,9,2.5
38.5,39.0,31,G1,0.5,1,9,2.5
38.75,39.0,87,D#6,0.25,0,9,2.75
39.0,39.25,89,F6,0.25,0,9,3.0
39.0,39.5,41,F2,0.5,1,9,3.0
39.0,39.5,32,G#1,0.5,1,9,3.0
39.25,39.5,87,D#6,0.25,0,9,3.25
39.5,40.0,41,F2,0.5,1,9,3.5
39.5,40.0,32,G#1,0.5,1,9,3.5
39.5,39.75,86,D6,0.25,0,9,3.5
39.75,40.0,84,C6,0.25,0,9,3.75
40.0,41.0,31,G1,1.0,1,10,0.0
40.0,41.0,41,F2,1.0,1,10,0.0
40.0,40.25,83,B5,0.25,0,10,0.0
40.25,40.5,84,C6,0.25,0,10,0.25
40.5,40.75,86,D6,0.25,0,10,0.5
40.75,41.0,87,D#6,0.25,0,10,0.75
41.0,43.5,43,G2,2.5,1,10,1.0
41.0,43.5,55,G3,2.5,1,10,1.0
41.0,41.25,89,F6,0.25,0,10,1.0
41.25,41.5,87,D#6,0.25,0,10,1.25
41.5,41.75,86,D6,0.25,0,10,1.5
41.75,42.0,84,C6,0.25,0,10,1.75
42.0,42.25,83,B5,0.25,0,10,2.0
42.25,42.5,80,G#5,0.25,0,10,2.25
42.5,42.75,79,G5,0.25,0,10,2.5
42.75,43.0,77,F5,0.25,0,10,2.75
43.0,43.25,75,D#5,0.25,0,10,3.0
43.25,43.5,74,D5,0.25,0,10,3.25
43.5,43.75,72,C5,0.25,0,10,3.5
43.5,43.75,57,A3,0.25,1,10,3.5
43.75,44.0,71,B4,0.25,0,10,3.75
43.75,44.0,59,B3,0.25,1,10,3.75
44.0,44.5,72,C5,0.5,0,11,0.0
44.0,44.5,60,C4,0.5,1,11,0.0
45.0,45.5,67,G4,0.5,0,11,1.0
45.0,45.5,43,G2,0.5,1,11,1.0
45.0,45.5,55,G3,0.5,1,11,1.0
46.0,46.5,39,D#2,0.5,1,11,2.0
46.0,46.5,51,D#3,0.5,1,11,2.0
46.0,46.5,63,D#4,0.5,0,11,2.0
47.0,47.5,36,C2,0.5,1,11,3.0
47.0,47.5,60,C4,0.5,0,11,3.0
47.0,47.5,48,C3,0.5,1,11,3.0
48.0,52.0,55,G3,4.0,0,12,0.0
48.0,52.0,43,G2,4.0,1,12,0.0
48.0,52.0,31,G1,4.0,1,12,0.0
52.0,52.25,64,E4,0.25,0,13,0.0
52.0,52.5,48,C3,0.5,1,13,0.0
52.0,52.5,36,C2,0.5,1,13,0.0
52.25,52.5,60,C4,0.25,0,13,0.25
52.5,52.75,64,E4,0.25,0,13,0.5
52.5,52.75,48,C3,0.25,1,13,0.5
52.75,53.0,55,G3,0.25,1,13,0.75
52.75,53.0,60,C4,0.25,0,13,0.75
53.0,53.25,48,C3,0.25,1,13,1.0
53.0,53.25,64,E4,0.25,0,13,1.0
53.25,53.5,60,C4,0.25,0,13,1.25
53.25,53.5,55,G3,0.25,1,13,1.25
53.5,53.75,64,E4,0.25,0,13,1.5
53.5,53.75,48,C3,0.25,1,13,1.5
53.75,54.0,60,C4,0.25,0,13,1.75
53.75,54.0,55,G3,0.25,1,13,1.75
54.0,54.25,64,E4,0.25,0,13,2.0
54.0,54.25,48,C3,0.25,1,13,2.0
54.25,54.5,60,C4,0.25,0,13,2.25
54.25,54.5,55,G3,0.25,1,13,2.25
54.5,54.75,64,E4,0.25,0,13,2.5
54.5,54.75,48,C3,0.25,1,13,2.5
54.75,55.0,60,C4,0.25,0,13,2.75
54.75,55.0,55,G3,0.25,1,13,2.75
55.0,55.25,64,E4,0.25,0,13,3.0
55.0,55.25,48,C3,0.25,1,13,3.0
55.25,55.5,60,C4,0.25,0,13,3.25
55.25,55.5,55,G3,0.25,1,13,3.25
55.5,55.75,64,E4,0.25,0,13,3.5
55.5,55.75,48,C3,0.25,1,13,3.5
55.75,56.0,60,C4,0.25,0,13,3.75
55.75,56.0,55,G3,0.25,1,13,3.75
56.0,56.25,48,C3,0.25,1,14,0.0
56.0,56.25,64,E4,0.25,0,14,0.0
56.25,56.5,55,G3,0.25,1,14,0.25
56.25,56.5,60,C4,0.25,0,14,0.25
56.5,56.75,64,E4,0.25,0,14,0.5
56.5,56.75,48,C3,0.25,1,14,0.5
56.75,57.0,60,C4,0.25,0,14,0.75
56.75,57.0,55,G3,0.25,1,14,0.75
57.0,57.25,64,E4,0.25,0,14,1.0
57.0,57.25,48,C3,0.25,1,14,1.0
57.25,57.5,60,C4,0.25,0,14,1.25
57.25,57.5,55,G3,0.25,1,14,1.25
57.5,57.75,64,E4,0.25,0,14,1.5
57.5,57.75,48,C3,0.25,1,14,1.5
57.75,58.0,60,C4,0.25,0,14,1.75
57.75,58.0,55,G3,0.25,1,14,1.75
58.0,58.25,64,E4,0.25,0,14,2.0
58.0,58.25,48,C3,0.25,1,14,2.0
58.25,58.5,55,G3,0.25,1,14,2.25
58.25,58.5,60,C4,0.25,0,14,2.25
58.5,58.75,48,C3,0.25,1,14,2.5
58.5,58.75,64,E4,0.25,0,14,2.5
58.75,59.0,55,G3,0.25,1,14,2.75
58.75,59.0,60,C4,0.25,0,14,2.75
59.0,59.25,48,C3,0.25,1,14,3.0
59.0,59.25,66,F#4,0.25,0,14,3.0
59.25,59.5,62,D4,0.25,0,14,3.25
59.25,59.5,57,A3,0.25,1,14,3.25
59.5,59.75,48,C3,0.25,1,14,3.5
59.5,59.75,66,F#4,0.25,0,14,3.5
59.75,60.0,62,D4,0.25,0,14,3.75
59.75,60.0,57,A3,0.25,1,14,3.75
60.0,60.25,47,B2,0.25,1,15,0.0
60.0,60.25,50,D3,0.25,1,15,0.0
60.0,61.5,67,G4,1.5,0,15,0.0
60.25,60.5,55,G3,0.25,1,15,0.25
60.5,60.75,47,B2,0.25,1,15,0.5
60.5,60.75,50,D3,0.25,1,15,0.5
60.75,61.0,55,G3,0.25,1,15,0.75
61.0,61.25,47,B2,0.25,1,15,1.0
61.0,61.25,50,D3,0.25,1,15,1.0
61.25,61.5,55,G3,0.25,1,15,1.25
61.5,61.75,50,D3,0.25,1,15,1.5
61.5,61.75,47,B2,0.25,1,15,1.5
61.5,61.75,71,B4,0.25,0,15,1.5
61.75,62.0,55,G3,0.25,1,15,1.75
61.75,62.0,69,A4,0.25,0,15,1.75
62.0,62.25,50,D3,0.25,1,15,2.0
62.0,62.25,47,B2,0.25,1,15,2.0
62.0,62.5,67,G4,0.5,0,15,2.0
62.25,62.5,55,G3,0.25,1,15,2.25
62.5,62.75,47,B2,0.25,1,15,2.5
62.5,62.75,50,D3,0.25,1,15,2.5
62.75,63.0,55,G3,0.25,1,15,2.75
63.0,63.25,47,B2,0.25,1,15,3.0
63.0,63.25,50,D3,0.25,1,15,3.0
63.25,63.5,55,G3,0.25,1,15,3.25
63.5,63.75,47,B2,0.25,1,15,3.5
63.5,63.75,50,D3,0.25,1,15,3.5
63.75,64.0,55,G3,0.25,1,15,3.75
64.0,64.25,50,D3,0.25,1,16,0.0
64.0,65.25,86,D6,1.25,0,16,0.0
64.0,64.25,47,B2,0.25,1,16,0.0
64.25,64.5,55,G3,0.25,1,16,0.25
64.5,64.75,50,D3,0.25,1,16,0.5
64.5,64.75,47,B2,0.25,1,16,0.5
64.75,65.0,55,G3,0.25,1,16,0.75
65.0,65.25,50,D3,0.25,1,16,1.0
65.0,65.25,47,B2,0.25,1,16,1.0
65.25,65.5,55,G3,0.25,1,16,1.25
65.25,65.5,84,C6,0.25,0,16,1.25
65.5,65.75,83,B5,0.25,0,16,1.5
65.5,65.75,50,D3,0.25,1,16,1.5
65.5,65.75,47,B2,0.25,1,16,1.5
65.75,66.0,81,A5,0.25,0,16,1.75
65.75,66.0,55,G3,0.25,1,16,1.75
66.0,67.0,79,G5,1.0,0,16,2.0
66.0,66.25,47,B2,0.25,1,16,2.0
66.0,66.25,50,D3,0.25,1,16,2.0
66.25,66.5,55,G3,0.25,1,16,2.25
66.5,66.75,47,B2,0.25,1,16,2.5
66.5,66.75,50,D3,0.25,1,16,2.5
66.75,67.0,55,G3,0.25,1,16,2.75
67.0,67.25,50,D3,0.25,1,16,3.0
67.0,67.25,47,B2,0.25,1,16,3.0
67.25,67.5,55,G3,0.25,1,16,3.25
67.5,67.75,50,D3,0.25,1,16,3.5
67.5,67.75,47,B2,0.25,1,16,3.5
67.75,68.0,55,G3,0.25,1,16,3.75
68.0,68.5,50,D3,0.5,1,17,0.0
68.0,68.5,38,D2,0.5,1,17,0.0
68.0,68.25,65,F4,0.25,0,17,0.0
68.25,68.5,62,D4,0.25,0,17,0.25
68.5,68.75,50,D3,0.25,1,17,0.5
68.5,68.75,65,F4,0.25,0,17,0.5
68.75,69.0,57,A3,0.25,1,17,0.75
68.75,69.0,62,D4,0.25,0,17,0.75
69.0,69.25,65,F4,0.25,0,17,1.0
69.0,69.25,50,D3,0.25,1,17,1.0
69.25,69.5,57,A3,0.25,1,17,1.25
69.25,69.5,62,D4,0.25,0,17,1.25
69.5,69.75,50,D3,0.25,1,17,1.5
69.5,69.75,65,F4,0.25,0,17,1.5
69.75,70.0,57,A3,0.25,1,17,1.75
69.75,70.0,62,D4,0.25,0,17,1.75
70.0,70.25,50,D3,0.25,1,17,2.0
70.0,70.25,65,F4,0.25,0,17,2.0
70.25,70.5,57,A3,0.25,1,17,2.25
70.25,70.5,62,D4,0.25,0,17,2.25
70.5,70.75,65,F4,0.25,0,17,2.5
70.5,70.75,50,D3,0.25,1,17,2.5
70.75,71.0,57,A3,0.25,1,17,2.75
70.75,71.0,62,D4,0.25,0,17,2.75
71.0,71.25,50,D3,0.25,1,17,3.0
71.0,71.25,65,F4,0.25,0,17,3.0
71.25,71.5,57,A3,0.25,1,17,3.25
71.25,71.5,62,D4,0.25,0,17,3.25
71.5,71.75,65,F4,0.25,0,17,3.5
71.5,71.75,50,D3,0.25,1,17,3.5
71.75,72.0,57,A3,0.25,1,17,3.75
71.75,72.0,62,D4,0.25,0,17,3.75
72.0,72.25,65,F4,0.25,0,18,0.0
72.0,72.25,50,D3,0.25,1,18,0.0
72.25,72.5,62,D4,0.25,0,18,0.25
72.25,72.5,57,A3,0.25,1,18,0.25
72.5,72.75,50,D3,0.25,1,18,0.5
72.5,72.75,65,F4,0.25,0,18,0.5
72.75,73.0,62,D4,0.25,0,18,0.75
72.75,73.0,57,A3,0.25,1,18,0.75
73.0,73.25,65,F4,0.25,0,18,1.0
73.0,73.25,50,D3,0.25,1,18,1.0
73.25,73.5,62,D4,0.25,0,18,1.25
73.25,73.5,57,A3,0.25,1,18,1.25
73.5,73.75,50,D3,0.25,1,18,1.5
73.5,73.75,65,F4,0.25,0,18,1.5
73.75,74.0,62,D4,0.25,0,18,1.75
73.75,74.0,57,A3,0.25,1,18,1.75
74.0,74.25,65,F4,0.25,0,18,2.0
74.0,74.25,50,D3,0.25,1,18,2.0
74.25,74.5,57,A3,0.25,1,18,2.25
74.25,74.5,62,D4,0.25,0,18,2.25
74.5,74.75,50,D3,0.25,1,18,2.5
74.5,74.75,65,F4,0.25,0,18,2.5
74.75,75.0,57,A3,0.25,1,18,2.75
74.75,75.0,62,D4,0.25,0,18,2.75
75.0,75.25,50,D3,0.25,1,18,3.0
75.0,75.25,68,G#4,0.25,0,18,3.0
75.25,75.5,59,B3,0.25,1,18,3.25
75.25,75.5,64,E4,0.25,0,18,3.25
75.5,75.75,50,D3,0.25,1,18,3.5
75.5,75.75,68,G#4,0.25,0,18,3.5
75.75,76.0,59,B3,0.25,1,18,3.75
75.75,76.0,64,E4,0.25,0,18,3.75
76.0,76.25,52,E3,0.25,1,19,0.0
76.0,77.5,69,A4,1.5,0,19,0.0
76.0,76.25,48,C3,0.25,1,19,0.0
76.25,76.5,57,A3,0.25,1,19,0.25
76.5,76.75,48,C3,0.25,1,19,0.5
76.5,76.75,52,E3,0.25,1,19,0.5
76.75,77.0,57,A3,0.25,1,19,0.75
77.0,77.25,52,E3,0.25,1,19,1.0
77.0,77.25,48,C3,0.25,1,19,1.0
77.25,77.5,57,A3,0.25,1,19,1.25
77.5,77.75,48,C3,0.25,1,19,1.5
77.5,77.75,52,E3,0.25,1,19,1.5
77.5,77.75,72,C5,0.25,0,19,1.5
77.75,78.0,57,A3,0.25,1,19,1.75
77.75,78.0,71,B4,0.25,0,19,1.75
78.0,78.25,48,C3,0.25,1,19,2.0
78.0,78.5,69,A4,0.5,0,19,2.0
78.0,78.25,52,E3,0.25,1,19,2.0
78.25,78.5,57,A3,0.25,1,19,2.25
78.5,78.75,52,E3,0.25,1,19,2.5
78.5,78.75,48,C3,0.25,1,19,2.5
78.75,79.0,57,A3,0.25,1,19,2.75
79.0,79.25,48,C3,0.25,1,19,3.0
79.0,79.25,52,E3,0.25,1,19,3.0
79.25,79.5,57,A3,0.25,1,19,3.25
79.5,79.75,48,C3,0.25,1,19,3.5
79.5,79.75,52,E3,0.25,1,19,3.5
79.75,80.0,57,A3,0.25,1,19,3.75
80.0,80.25,48,C3,0.25,1,20,0.0
80.0,80.25,52,E3,0.25,1,20,0.0
80.0,81.25,88,E6,1.25,0,20,0.0
80.25,80.5,57,A3,0.25,1,20,0.25
80.5,80.75,48,C3,0.25,1,20,0.5
80.5,80.75,52,E3,0.25,1,20,0.5
80.75,81.0,57,A3,0.25,1,20,0.75
81.0,81.25,48,C3,0.25,1,20,1.0
81.0,81.25,52,E3,0.25,1,20,1.0
81.25,81.5,57,A3,0.25,1,20,1.25
81.25,81.5,86,D6,0.25,0,20,1.25
81.5,81.75,52,E3,0.25,1,20,1.5
81.5,81.75,48,C3,0.25,1,20,1.5
81.5,81.75,84,C6,0.25,0,20,1.5
81.75,82.0,57,A3,0.25,1,20,1.75
81.75,82.0,83,B5,0.25,0,20,1.75
82.0,82.25,52,E3,0.25,1,20,2.0
82.0,82.25,48,C3,0.25,1,20,2.0
82.0,83.0,81,A5,1.0,0,20,2.0
82.25,82.5,57,A3,0.25,1,20,2.25
82.5,82.75,52,E3,0.25,1,20,2.5
82.5,82.75,48,C3,0.25,1,20,2.5
82.75,83.0,57,A3,0.25,1,20,2.75
83.0,83.25,52,E3,0.25,1,20,3.0
83.0,83.25,48,C3,0.25,1,20,3.0
83.25,83.5,57,A3,0.25,1,20,3.25
83.5,83.75,52,E3,0.25,1,20,3.5
83.5,83.75,48,C3,0.25,1,20,3.5
83.75,84.0,57,A3,0.25,1,20,3.75
84.0,84.25,52,E3,0.25,1,21,0.0
84.0,84.25,48,C3,0.25,1,21,0.0
84.0,85.25,88,E6,1.25,0,21,0.0
84.25,84.5,58,A#3,0.25,1,21,0.25
84.5,84.75,52,E3,0.25,1,21,0.5
84.5,84.75,48,C3,0.25,1,21,0.5
84.75,85.0,58,A#3,0.25,1,21,0.75
85.0,85.25,52,E3,0.25,1,21,1.0
85.0,85.25,48,C3,0.25,1,21,1.0
85.25,85.5,58,A#3,0.25,1,21,1.25
85.25,85.5,86,D6,0.25,0,21,1.25
85.5,85.75,52,E3,0.25,1,21,1.5
85.5,85.75,84,C6,0.25,0,21,1.5
85.5,85.75,48,C3,0.25,1,21,1.5
85.75,86.0,83,B5,0.25,0,21,1.75
85.75,86.0,58,A#3,0.25,1,21,1.75
86.0,87.0,82,A#5,1.0,0,21,2.0
86.0,86.25,48,C3,0.25,1,21,2.0
86.0,86.25,52,E3,0.25,1,21,2.0
86.25,86.5,58,A#3,0.25,1,21,2.25
86.5,86.75,48,C3,0.25,1,21,2.5
86.5,86.75,52,E3,0.25,1,21,2.5
86.75,87.0,58,A#3,0.25,1,21,2.75
87.0,87.25,48,C3,0.25,1,21,3.0
87.0,87.25,52,E3,0.25,1,21,3.0
87.25,87.5,58,A#3,0.25,1,21,3.25
87.5,87.75,48,C3,0.25,1,21,3.5
87.5,87.75,52,E3,0.25,1,21,3.5
87.75,88.0,58,A#3,0.25,1,21,3.75
88.0,89.25,83,B5,1.25,0,22,0.0
88.0,88.25,47,B2,0.25,1,22,0.0
88.25,88.5,51,D#3,0.25,1,22,0.25
88.5,88.75,54,F#3,0.25,1,22,0.5
88.75,89.0,59,B3,0.25,1,22,0.75
89.0,89.25,47,B2,0.25,1,22,1.0
89.25,89.5,81,A5,0.25,0,22,1.25
89.25,89.5,51,D#3,0.25,1,22,1.25
89.5,89.75,79,G5,0.25,0,22,1.5
89.5,89.75,54,F#3,0.25,1,22,1.5
89.75,90.0,78,F#5,0.25,0,22,1.75
89.75,90.0,59,B3,0.25,1,22,1.75
90.0,90.25,79,G5,0.25,0,22,2.0
90.0,90.25,47,B2,0.25,1,22,2.0
90.25,90.5,78,F#5,0.25,0,22,2.25
90.25,90.5,52,E3,0.25,1,22,2.25
90.5,90.75,55,G3,0.25,1,22,2.5
90.5,90.75,76,E5,0.25,0,22,2.5
90.75,91.0,59,B3,0.25,1,22,2.75
90.75,91.0,75,D#5,0.25,0,22,2.75
91.0,91.25,47,B2,0.25,1,22,3.0
91.0,91.25,76,E5,0.25,0,22,3.0
91.25,91.5,52,E3,0.25,1,22,3.25
91.25,91.5,79,G5,0.25,0,22,3.25
91.5,91.75,55,G3,0.25,1,22,3.5
91.5,91.75,78,F#5,0.25,0,22,3.5
91.75,92.0,76,E5,0.25,0,22,3.75
91.75,92.0,59,B3,0.25,1,22,3.75
92.0,92.25,75,D#5,0.25,0,23,0.0
92.0,92.25,47,B2,0.25,1,23,0.0
92.25,92.5,73,C#5,0.25,0,23,0.25
92.25,92.5,54,F#3,0.25,1,23,0.25
92.5,92.75,57,A3,0.25,1,23,0.5
92.5,92.75,71,B4,0.25,0,23,0.5
92.75,93.0,59,B3,0.25,1,23,0.75
92.75,93.0,70,A#4,0.25,0,23,0.75
93.0,93.25,71,B4,0.25,0,23,1.0
93.0,93.25,47,B2,0.25,1,23,1.0
93.25,93.5,73,C#5,0.25,0,23,1.25
93.25,93.5,54,F#3,0.25,1,23,1.25
93.5,93.75,57,A3,0.25,1,23,1.5
93.5,93.75,74,D5,0.25,0,23,1.5
93.75,94.0,59,B3,0.25,1,23,1.75
93.75,94.0,75,D#5,0.25,0,23,1.75
94.0,94.25,47,B2,0.25,1,23,2.0
94.0,94.25,76,E5,0.25,0,23,2.0
94.25,94.5,52,E3,0.25,1,23,2.25
94.25,94.5,75,D#5,0.25,0,23,2.25
94.5,94.75,55,G3,0.25,1,23,2.5
94.5,94.75,76,E5,0.25,0,23,2.5
94.75,95.0,78,F#5,0.25,0,23,2.75
94.75,95.0,59,B3,0.25,1,23,2.75
95.0,95.25,79,G5,0.25,0,23,3.0
95.0,95.25,47,B2,0.25,1,23,3.0
95.25,95.5,80,G#5,0.25,0,23,3.25
95.25,95.5,52,E3,0.25,1,23,3.25
95.5,95.75,81,A5,0.25,0,23,3.5
95.5,95.75,55,G3,0.25,1,23,3.5
95.75,96.0,82,A#5,0.25,0,23,3.75
95.75,96.0,59,B3,0.25,1,23,3.75
96.0,96.25,83,B5,0.25,0,24,0.0
96.0,96.25,47,B2,0.25,1,24,0.0
96.25,96.5,82,A#5,0.25,0,24,0.25
96.25,96.5,51,D#3,0.25,1,24,0.25
96.5,96.75,83,B5,0.25,0,24,0.5
96.5,96.75,54,F#3,0.25,1,24,0.5
96.75,97.0,82,A#5,0.25,0,24,0.75
96.75,97.0,59,B3,0.25,1,24,0.75
97.0,97.25,83,B5,0.25,0,24,1.0
97.0,97.25,47,B2,0.25,1,24,1.0
97.25,97.5,51,D#3,0.25,1,24,1.25
97.25,97.5,81,A5,0.25,0,24,1.25
97.5,97.75,54,F#3,0.25,1,24,1.5
97.5,97.75,79,G5,0.25,0,24,1.5
97.75,98.0,78,F#5,0.25,0,24,1.75
97.75,98.0,59,B3,0.25,1,24,1.75
98.0,98.25,79,G5,0.25,0,24,2.0
98.0,98.25,47,B2,0.25,1,24,2.0
98.25,98.5,78,F#5,0.25,0,24,2.25
98.25,98.5,52,E3,0.25,1,24,2.25
98.5,98.75,55,G3,0.25,1,24,2.5
98.5,98.75,76,E5,0.25,0,24,2.5
98.75,99.0,75,D#5,0.25,0,24,2.75
98.75,99.0,59,B3,0.25,1,24,2.75
99.0,99.25,47,B2,0.25,1,24,3.0
99.0,99.25,76,E5,0.25,0,24,3.0
99.25,99.5,52,E3,0.25,1,24,3.25
99.25,99.5,79,G5,0.25,0,24,3.25
99.5,99.75,78,F#5,0.25,0,24,3.5
99.5,99.75,55,G3,0.25,1,24,3.5
99.75,100.0,59,B3,0.25,1,24,3.75
99.75,100.0,76,E5,0.25,0,24,3.75
100.0,100.25,47,B2,0.25,1,25,0.0
100.0,100.25,75,D#5,0.25,0,25,0.0
100.25,100.5,73,C#5,0.25,0,25,0.25
100.25,100.5,54,F#3,0.25,1,25,0.25
100.5,100.75,71,B4,0.25,0,25,0.5
100.5,100.75,57,A3,0.25,1,25,0.5
100.75,101.0,59,B3,0.25,1,25,0.75
100.75,101.0,70,A#4,0.25,0,25,0.75
101.0,101.25,71,B4,0.25,0,25,1.0
101.0,101.25,47,B2,0.25,1,25,1.0
101.25,101.5,73,C#5,0.25,0,25,1.25
101.25,101.5,54,F#3,0.25,1,25,1.25
101.5,101.75,57,A3,0.25,1,25,1.5
101.5,101.75,74,D5,0.25,0,25,1.5
101.75,102.0,75,D#5,0.25,0,25,1.75
101.75,102.0,59,B3,0.25,1,25,1.75
102.0,102.25,76,E5,0.25,0,25,2.0
102.0,102.25,47,B2,0.25,1,25,2.0
102.25,102.5,75,D#5,0.25,0,25,2.25
102.25,102.5,52,E3,0.25,1,25,2.25
102.5,102.75,76,E5,0.25,0,25,2.5
102.5,102.75,55,G3,0.25,1,25,2.5
102.75,103.0,78,F#5,0.25,0,25,2.75
102.75,103.0,59,B3,0.25,1,25,2.75
103.0,103.25,79,G5,0.25,0,25,3.0
103.0,103.25,47,B2,0.25,1,25,3.0
103.25,103.5,52,E3,0.25,1,25,3.25
103.25,103.5,80,G#5,0.25,0,25,3.25
103.5,103.75,55,G3,0.25,1,25,3.5
103.5,103.75,81,A5,0.25,0,25,3.5
103.75,104.0,59,B3,0.25,1,25,3.75
103.75,104.0,82,A#5,0.25,0,25,3.75
104.0,104.25,47,B2,0.25,1,26,0.0
104.0,104.25,83,B5,0.25,0,26,0.0
104.25,104.5,51,D#3,0.25,1,26,0.25
104.25,104.5,78,F#5,0.25,0,26,0.25
104.5,104.75,54,F#3,0.25,1,26,0.5
104.5,104.75,75,D#5,0.25,0,26,0.5
104.75,105.0,71,B4,0.25,0,26,0.75
104.75,105.0,59,B3,0.25,1,26,0.75
105.0,105.25,58,A#3,0.25,1,26,1.0
105.0,105.25,70,A#4,0.25,0,26,1.0
105.25,105.5,71,B4,0.25,0,26,1.25
105.25,105.5,59,B3,0.25,1,26,1.25
105.5,105.75,76,E5,0.25,0,26,1.5
105.5,105.75,55,G3,0.25,1,26,1.5
105.75,106.0,79,G5,0.25,0,26,1.75
105.75,106.0,52,E3,0.25,1,26,1.75
106.0,106.25,47,B2,0.25,1,26,2.0
106.0,106.25,83,B5,0.25,0,26,2.0
106.25,106.5,78,F#5,0.25,0,26,2.25
106.25,106.5,51,D#3,0.25,1,26,2.25
106.5,106.75,75,D#5,0.25,0,26,2.5
106.5,106.75,54,F#3,0.25,1,26,2.5
106.75,107.0,59,B3,0.25,1,26,2.75
106.75,107.0,71,B4,0.25,0,26,2.75
107.0,107.25,58,A#3,0.25,1,26,3.0
107.0,107.25,70,A#4,0.25,0,26,3.0
107.25,107.5,71,B4,0.25,0,26,3.25
107.25,107.5,59,B3,0.25,1,26,3.25
107.5,107.75,55,G3,0.25,1,26,3.5
107.5,107.75,76,E5,0.25,0,26,3.5
107.75,108.0,52,E3,0.25,1,26,3.75
107.75,108.0,79,G5,0.25,0,26,3.75
108.0,108.25,83,B5,0.25,0,27,0.0
108.0,108.25,47,B2,0.25,1,27,0.0
108.25,108.5,51,D#3,0.25,1,27,0.25
108.25,108.5,78,F#5,0.25,0,27,0.25
108.5,108.75,75,D#5,0.25,0,27,0.5
108.5,108.75,54,F#3,0.25,1,27,0.5
108.75,109.0,71,B4,0.25,0,27,0.75
108.75,109.0,59,B3,0.25,1,27,0.75
109.0,109.25,83,B5,0.25,0,27,1.0
109.0,109.25,47,B2,0.25,1,27,1.0
109.25,109.5,79,G5,0.25,0,27,1.25
109.25,109.5,52,E3,0.25,1,27,1.25
109.5,109.75,55,G3,0.25,1,27,1.5
109.5,109.75,76,E5,0.25,0,27,1.5
109.75,110.0,59,B3,0.25,1,27,1.75
109.75,110.0,71,B4,0.25,0,27,1.75
110.0,110.25,83,B5,0.25,0,27,2.0
110.0,110.25,47,B2,0.25,1,27,2.0
110.25,110.5,78,F#5,0.25,0,27,2.25
110.25,110.5,51,D#3,0.25,1,27,2.25
110.5,110.75,54,F#3,0.25,1,27,2.5
110.5,110.75,75,D#5,0.25,0,27,2.5
110.75,111.0,59,B3,0.25,1,27,2.75
110.75,111.0,71,B4,0.25,0,27,2.75
111.0,111.25,83,B5,0.25,0,27,3.0
111.0,111.25,47,B2,0.25,1,27,3.0
111.25,111.5,52,E3,0.25,1,27,3.25
111.25,111.5,79,G5,0.25,0,27,3.25
111.5,111.75,55,G3,0.25,1,27,3.5
111.5,111.75,76,E5,0.25,0,27,3.5
111.75,112.0,59,B3,0.25,1,27,3.75
111.75,112.0,71,B4,0.25,0,27,3.75
112.0,112.25,83,B5,0.25,0,28,0.0
112.0,113.0,59,B3,1.0,1,28,0.0
112.0,113.0,54,F#3,1.0,1,28,0.0
112.0,113.0,51,D#3,1.0,1,28,0.0
112.0,113.0,47,B2,1.0,1,28,0.0
112.25,112.5,78,F#5,0.25,0,28,0.25
112.5,112.75,75,D#5,0.25,0,28,0.5
112.75,113.0,71,B4,0.25,0,28,0.75
113.0,113.25,78,F#5,0.25,0,28,1.0
113.25,113.5,75,D#5,0.25,0,28,1.25
113.5,113.75,71,B4,0.25,0,28,1.5
113.75,114.0,66,F#4,0.25,0,28,1.75
114.0,114.25,75,D#5,0.25,0,28,2.0
114.25,114.5,71,B4,0.25,0,28,2.25
114.5,114.75,66,F#4,0.25,0,28,2.5
114.75,115.0,63,D#4,0.25,0,28,2.75
115.0,115.25,71,B4,0.25,0,28,3.0
115.25,115.5,66,F#4,0.25,0,28,3.25
115.5,115.75,63,D#4,0.25,0,28,3.5
115.75,116.0,59,B3,0.25,0,28,3.75
116.0,116.25,66,F#4,0.25,0,29,0.0
116.25,116.5,63,D#4,0.25,0,29,0.25
116.5,116.75,59,B3,0.25,0,29,0.5
116.75,117.0,54,F#3,0.25,1,29,0.75
117.0,117.25,63,D#4,0.25,0,29,1.0
117.25,117.5,59,B3,0.25,0,29,1.25
117.5,117.75,54,F#3,0.25,1,29,1.5
117.75,118.0,51,D#3,0.25,1,29,1.75
118.0,118.25,59,B3,0.25,1,29,2.0
118.25,118.5,54,F#3,0.25,1,29,2.25
118.5,118.75,51,D#3,0.25,1,29,2.5
118.75,119.0,47,B2,0.25,1,29,2.75
119.0,119.25,35,B1,0.25,1,29,3.0
119.25,119.5,39,D#2,0.25,1,29,3.25
119.5,119.75,42,F#2,0.25,1,29,3.5
119.75,120.0,47,B2,0.25,1,29,3.75
120.0,120.5,35,B1,0.5,1,30,0.0
120.5,121.0,47,B2,0.5,1,30,0.5
121.0,121.5,37,C#2,0.5,1,30,1.0
121.5,122.0,49,C#3,0.5,1,30,1.5
122.0,122.5,39,D#2,0.5,1,30,2.0
122.0,122.5,71,B4,0.5,0,30,2.0
122.5,123.0,51,D#3,0.5,1,30,2.5
122.5,123.0,59,B3,0.5,0,30,2.5
123.0,123.5,73,C#5,0.5,0,30,3.0
123.5,124.0,61,C#4,0.5,0,30,3.5
124.0,124.5,39,D#2,0.5,1,31,0.0
124.0,124.5,75,D#5,0.5,0,31,0.0
124.5,125.0,51,D#3,0.5,1,31,0.5
124.5,125.0,63,D#4,0.5,0,31,0.5
125.0,125.5,40,E2,0.5,1,31,1.0
125.5,126.0,52,E3,0.5,1,31,1.5
126.0,126.5,42,F#2,0.5,1,31,2.0
126.0,126.5,75,D#5,0.5,0,31,2.0
126.5,127.0,54,F#3,0.5,1,31,2.5
126.5,127.0,63,D#4,0.5,0,31,2.5
127.0,127.5,76,E5,0.5,0,31,3.0
127.5,128.0,64,E4,0.5,0,31,3.5
128.0,128.5,78,F#5,0.5,0,32,0.0
128.5,129.0,66,F#4,0.5,0,32,0.5
129.0,129.5,80,G#5,0.5,0,32,1.0
129.5,130.0,68,G#4,0.5,0,32,1.5
130.0,130.5,42,F#2,0.5,1,32,2.0
130.0,130.5,81,A5,0.5,0,32,2.0
130.5,131.0,69,A4,0.5,0,32,2.5
130.5,131.0,54,F#3,0.5,1,32,2.5
131.0,131.5,44,G#2,0.5,1,32,3.0
131.0,131.5,81,A5,0.5,0,32,3.0
131.5,132.0,56,G#3,0.5,1,32,3.5
131.5,132.0,71,B4,0.5,0,32,3.5
132.0,132.5,81,A5,0.5,0,33,0.0
132.0,132.5,45,A2,0.5,1,33,0.0
132.5,133.0,73,C#5,0.5,0,33,0.5
132.5,133.0,57,A3,0.5,1,33,0.5
133.0,133.5,81,A5,0.5,0,33,1.0
133.0,133.5,47,B2,0.5,1,33,1.0
133.5,134.0,75,D#5,0.5,0,33,1.5
133.5,134.0,59,B3,0.5,1,33,1.5
134.0,134.5,81,A5,0.5,0,33,2.0
134.0,134.5,49,C#3,0.5,1,33,2.0
134.5,135.0,76,E5,0.5,0,33,2.5
134.5,135.0,61,C#4,0.5,1,33,2.5
135.0,135.5,51,D#3,0.5,1,33,3.0
135.0,135.5,81,A5,0.5,0,33,3.0
135.5,136.0,78,F#5,0.5,0,33,3.5
135.5,136.0,63,D#4,0.5,1,33,3.5
136.0,138.0,71,B4,2.0,0,34,0.0
136.0,138.0,76,E5,2.0,0,34,0.0
136.0,138.0,64,E4,2.0,1,34,0.0
136.0,138.0,68,G#4,2.0,1,34,0.0
136.0,138.0,80,G#5,2.0,0,34,0.0
138.0,139.0,78,F#5,1.0,0,34,2.0
138.0,139.0,69,A4,1.0,0,34,2.0
138.0,139.0,75,D#5,1.0,0,34,2.0
138.0,139.0,59,B3,1.0,1,34,2.0
138.0,139.0,63,D#4,1.0,1,34,2.0
138.0,139.0,66,F#4,1.0,1,34,2.0
139.0,140.0,68,G#4,1.0,0,34,3.0
139.0,140.0,76,E5,1.0,0,34,3.0
139.0,140.0,64,E4,1.0,1,34,3.0
139.0,140.0,61,C#4,1.0,1,34,3.0
139.0,140.0,73,C#5,1.0,0,34,3.0
140.0,142.0,63,D#4,2.0,1,35,0.0
140.0,142.0,60,C4,2.0,1,35,0.0
140.0,142.0,56,G#3,2.0,1,35,0.0
140.0,142.0,72,C5,2.0,0,35,0.0
140.0,142.0,75,D#5,2.0,0,35,0.0
140.0,142.0,66,F#4,2.0,0,35,0.0
142.0,144.0,73,C#5,2.0,0,35,2.0
142.0,144.0,61,C#4,2.0,1,35,2.0
142.0,144.0,57,A3,2.0,1,35,2.0
142.0,144.0,64,E4,2.0,0,35,2.0
144.0,146.0,75,D#5,2.0,0,36,0.0
144.0,146.0,54,F#3,2.0,1,36,0.0
144.0,146.0,63,D#4,2.0,1,36,0.0
144.0,146.0,59,B3,2.0,1,36,0.0
144.0,146.0,57,A3,2.0,1,36,0.0
144.0,146.0,69,A4,2.0,0,36,0.0
144.0,146.0,71,B4,2.0,0,36,0.0
146.0,147.0,59,B3,1.0,1,36,2.0
146.0,147.0,56,G#3,1.0,1,36,2.0
146.0,147.0,76,E5,1.0,0,36,2.0
146.0,147.0,71,B4,1.0,0,36,2.0
146.0,147.0,64,E4,1.0,1,36,2.0
147.0,148.0,73,C#5,1.0,0,36,3.0
147.0,148.0,76,E5,1.0,0,36,3.0
147.0,148.0,78,F#5,1.0,0,36,3.0
147.0,148.0,57,A3,1.0,1,36,3.0
147.0,148.0,66,F#4,1.0,1,36,3.0
147.0,148.0,61,C#4,1.0,1,36,3.0
148.0,150.0,64,E4,2.0,1,37,0.0
148.0,151.0,71,B4,3.0,0,37,0.0
148.0,152.0,59,B3,4.0,1,37,0.0
148.0,150.0,80,G#5,2.0,0,37,0.0
148.0,150.0,68,G#4,2.0,1,37,0.0
148.0,150.0,76,E5,2.0,0,37,0.0
150.0,152.0,75,D#5,2.0,0,37,2.0
150.0,152.0,78,F#5,2.0,0,37,2.0
150.0,152.0,66,F#4,2.0,1,37,2.0
150.0,152.0,63,D#4,2.0,1,37,2.0
151.0,152.0,69,A4,1.0,0,37,3.0
152.0,154.0,59,B3,2.0,0,38,0.0
152.0,154.0,64,E4,2.0,0,38,0.0
152.0,154.0,68,G#4,2.0,0,38,0.0
152.0,154.0,56,G#3,2.0,1,38,0.0
152.0,154.0,52,E3,2.0,1,38,0.0
154.0,155.0,63,D#4,1.0,0,38,2.0
154.0,155.0,66,F#4,1.0,0,38,2.0
154.0,155.0,57,A3,1.0,0,38,2.0
154.0,155.0,47,B2,1.0,1,38,2.0
154.0,155.0,51,D#3,1.0,1,38,2.0
154.0,155.0,54,F#3,1.0,1,38,2.0
155.0,156.0,64,E4,1.0,0,38,3.0
155.0,156.0,61,C#4,1.0,0,38,3.0
155.0,156.0,56,G#3,1.0,0,38,3.0
155.0,156.0,49,C#3,1.0,1,38,3.0
155.0,156.0,52,E3,1.0,1,38,3.0
156.0,158.0,54,F#3,2.0,0,39,0.0
156.0,158.0,63,D#4,2.0,0,39,0.0
156.0,158.0,60,C4,2.0,0,39,0.0
156.0,158.0,44,G#2,2.0,1,39,0.0
156.0,158.0,51,D#3,2.0,1,39,0.0
156.0,158.0,48,C3,2.0,1,39,0.0
158.0,160.0,49,C#3,2.0,1,39,2.0
158.0,160.0,45,A2,2.0,1,39,2.0
158.0,160.0,61,C#4,2.0,0,39,2.0
158.0,160.0,52,E3,2.0,0,39,2.0
158.0,160.0,57,A3,2.0,0,39,2.0
160.0,164.0,35,B1,4.0,1,40,0.0
160.0,161.0,56,G#3,1.0,1,40,0.0
160.0,164.0,47,B2,4.0,1,40,0.0
160.0,161.0,52,E3,1.0,1,40,0.0
160.0,162.0,59,B3,2.0,0,40,0.0
161.0,164.0,54,F#3,3.0,1,40,1.0
161.0,164.0,57,A3,3.0,1,40,1.0
162.0,163.0,61,C#4,1.0,0,40,2.0
163.0,164.0,63,D#4,1.0,0,40,3.0
164.0,164.333333,56,G#3,0.333333,0,41,0.0
164.0,164.333333,64,E4,0.333333,0,41,0.0
164.0,165.0,40,E2,1.0,1,41,0.0
164.0,165.0,52,E3,1.0,1,41,0.0
164.333333,164.666667,66,F#4,0.333333,0,41,0.3333330000000103
164.666667,165.0,68,G#4,0.333333,0,41,0.6666669999999897
165.0,165.333333,69,A4,0.333333,0,41,1.0
165.333333,165.666667,71,B4,0.333333,0,41,1.3333330000000103
165.666667,166.0,73,C#5,0.333333,0,41,1.6666669999999897
166.0,166.333333,74,D5,0.333333,0,41,2.0
166.333333,166.666667,75,D#5,0.333333,0,41,2.3333330000000103
166.666667,167.0,76,E5,0.333333,0,41,2.6666669999999897
167.0,167.333333,77,F5,0.333333,0,41,3.0
167.333333,167.666667,78,F#5,0.333333,0,41,3.3333330000000103
167.666667,168.0,79,G5,0.333333,0,41,3.6666669999999897
168.0,170.0,71,B4,2.0,0,42,0.0
168.0,170.0,68,G#4,2.0,1,42,0.0
168.0,170.0,64,E4,2.0,1,42,0.0
168.0,168.333333,80,G#5,0.333333,0,42,0.0
168.333333,168.666667,79,G5,0.333333,0,42,0.3333330000000103
168.666667,169.0,80,G#5,0.333333,0,42,0.6666669999999897
169.0,169.333333,81,A5,0.333333,0,42,1.0
169.333333,169.666667,77,F5,0.333333,0,42,1.3333330000000103
169.666667,170.0,80,G#5,0.333333,0,42,1.6666669999999897
170.0,171.0,69,A4,1.0,0,42,2.0
170.0,171.0,59,B3,1.0,1,42,2.0
170.0,171.0,63,D#4,1.0,1,42,2.0
170.0,171.0,66,F#4,1.0,1,42,2.0
170.333333,170.666667,80,G#5,0.333333,0,42,2.3333330000000103
170.666667,171.0,78,F#5,0.333333,0,42,2.6666669999999897
171.0,172.0,68,G#4,1.0,0,42,3.0
171.0,172.0,64,E4,1.0,1,42,3.0
171.0,172.0,61,C#4,1.0,1,42,3.0
171.333333,171.666667,78,F#5,0.333333,0,42,3.3333330000000103
171.666667,172.0,76,E5,0.333333,0,42,3.6666669999999897
172.0,174.0,60,C4,2.0,1,43,0.0
172.0,174.0,63,D#4,2.0,1,43,0.0
172.0,174.0,66,F#4,2.0,0,43,0.0
172.0,174.0,56,G#3,2.0,1,43,0.0
172.333333,172.666667,72,C5,0.333333,0,43,0.3333330000000103
172.666667,173.0,75,D#5,0.333333,0,43,0.6666669999999897
173.0,173.333333,76,E5,0.333333,0,43,1.0
173.333333,173.666667,72,C5,0.333333,0,43,1.3333330000000103
173.666667,174.0,75,D#5,0.333333,0,43,1.6666669999999897
174.0,176.0,57,A3,2.0,1,43,2.0
174.0,176.0,61,C#4,2.0,1,43,2.0
174.0,176.0,64,E4,2.0,0,43,2.0
174.333333,174.666667,69,A4,0.333333,0,43,2.3333330000000103
174.666667,175.0,73,C#5,0.333333,0,43,2.6666669999999897
175.0,175.333333,75,D#5,0.333333,0,43,3.0
175.333333,175.666667,69,A4,0.333333,0,43,3.3333330000000103
175.666667,176.0,73,C#5,0.333333,0,43,3.6666669999999897
176.0,178.0,54,F#3,2.0,1,44,0.0
176.0,178.0,69,A4,2.0,0,44,0.0
176.0,178.0,63,D#4,2.0,1,44,0.0
176.0,178.0,59,B3,2.0,1,44,0.0
176.0,178.0,57,A3,2.0,1,44,0.0
176.333333,176.666667,74,D5,0.333333,0,44,0.3333330000000103
176.666667,177.0,75,D#5,0.333333,0,44,0.6666669999999897
177.0,177.333333,76,E5,0.333333,0,44,1.0
177.333333,177.666667,72,C5,0.333333,0,44,1.3333330000000103
177.666667,178.0,75,D#5,0.333333,0,44,1.6666669999999897
178.0,179.0,56,G#3,1.0,1,44,2.0
178.0,179.0,64,E4,1.0,1,44,2.0
178.0,179.0,71,B4,1.0,0,44,2.0
178.0,179.0,59,B3,1.0,1,44,2.0
178.333333,178.666667,78,F#5,0.333333,0,44,2.3333330000000103
178.666667,179.0,76,E5,0.333333,0,44,2.6666669999999897
179.0,180.0,61,C#4,1.0,1,44,3.0
179.0,180.0,66,F#4,1.0,1,44,3.0
179.0,180.0,57,A3,1.0,1,44,3.0
179.0,180.0,73,C#5,1.0,0,44,3.0
179.333333,179.666667,80,G#5,0.333333,0,44,3.3333330000000103
179.666667,180.0,78,F#5,0.333333,0,44,3.6666669999999897
180.0,180.333333,80,G#5,0.333333,0,45,0.0
180.0,182.0,76,E5,2.0,0,45,0.0
180.0,182.0,64,E4,2.0,1,45,0.0
180.0,182.0,68,G#4,2.0,1,45,0.0
180.0,183.0,59,B3,3.0,1,45,0.0
180.333333,180.666667,79,G5,0.333333,0,45,0.3333330000000103
180.666667,181.0,80,G#5,0.333333,0,45,0.6666669999999897
181.0,181.333333,83,B5,0.333333,0,45,1.0
181.333333,181.666667,81,A5,0.333333,0,45,1.3333330000000103
181.666667,182.0,80,G#5,0.333333,0,45,1.6666669999999897
182.0,183.0,63,D#4,1.0,1,45,2.0
182.0,183.0,66,F#4,1.0,1,45,2.0
182.0,182.333333,78,F#5,0.333333,0,45,2.0
182.0,182.333333,75,D#5,0.333333,0,45,2.0
182.333333,182.666667,73,C#5,0.333333,0,45,2.3333330000000103
182.333333,182.666667,76,E5,0.333333,0,45,2.3333330000000103
182.666667,183.0,75,D#5,0.333333,0,45,2.6666669999999897
182.666667,183.0,71,B4,0.333333,0,45,2.6666669999999897
183.0,183.333333,73,C#5,0.333333,0,45,3.0
183.0,183.333333,69,A4,0.333333,0,45,3.0
183.0,183.333333,47,B2,0.333333,1,45,3.0
183.333333,183.666667,71,B4,0.333333,0,45,3.3333330000000103
183.333333,183.666667,68,G#4,0.333333,0,45,3.3333330000000103
183.333333,183.666667,49,C#3,0.333333,1,45,3.3333330000000103
183.666667,184.0,69,A4,0.333333,0,45,3.6666669999999897
183.666667,184.0,66,F#4,0.333333,0,45,3.6666669999999897
183.666667,184.0,51,D#3,0.333333,1,45,3.6666669999999897
184.0,186.0,56,G#3,2.0,1,46,0.0
184.0,186.0,52,E3,2.0,1,46,0.0
184.0,184.333333,68,G#4,0.333333,0,46,0.0
184.0,186.0,59,B3,2.0,0,46,0.0
184.333333,184.666667,67,G4,0.333333,0,46,0.3333330000000103
184.666667,185.0,68,G#4,0.333333,0,46,0.6666669999999897
185.0,185.333333,69,A4,0.333333,0,46,1.0
185.333333,185.666667,65,F4,0.333333,0,46,1.3333330000000103
185.666667,186.0,68,G#4,0.333333,0,46,1.6666669999999897
186.0,187.0,57,A3,1.0,0,46,2.0
186.0,187.0,47,B2,1.0,1,46,2.0
186.0,187.0,51,D#3,1.0,1,46,2.0
186.0,187.0,54,F#3,1.0,1,46,2.0
186.333333,186.666667,68,G#4,0.333333,0,46,2.3333330000000103
186.666667,187.0,66,F#4,0.333333,0,46,2.6666669999999897
187.0,188.0,52,E3,1.0,1,46,3.0
187.0,188.0,56,G#3,1.0,0,46,3.0
187.0,188.0,49,C#3,1.0,1,46,3.0
187.333333,187.666667,66,F#4,0.333333,0,46,3.3333330000000103
187.666667,188.0,64,E4,0.333333,0,46,3.6666669999999897
188.0,190.0,51,D#3,2.0,1,47,0.0
188.0,190.0,54,F#3,2.0,0,47,0.0
188.0,190.0,44,G#2,2.0,1,47,0.0
188.0,190.0,48,C3,2.0,1,47,0.0
188.333333,188.666667,60,C4,0.333333,0,47,0.3333330000000103
188.666667,189.0,63,D#4,0.333333,0,47,0.6666669999999897
189.0,189.333333,64,E4,0.333333,0,47,1.0
189.333333,189.666667,60,C4,0.333333,0,47,1.3333330000000103
189.666667,190.0,63,D#4,0.333333,0,47,1.6666669999999897
190.0,192.0,52,E3,2.0,0,47,2.0
190.0,192.0,45,A2,2.0,1,47,2.0
190.0,192.0,49,C#3,2.0,1,47,2.0
190.333333,190.666667,57,A3,0.333333,0,47,2.3333330000000103
190.666667,191.0,61,C#4,0.333333,0,47,2.6666669999999897
191.0,191.333333,63,D#4,0.333333,0,47,3.0
191.333333,191.666667,57,A3,0.333333,0,47,3.3333330000000103
191.666667,192.0,61,C#4,0.333333,0,47,3.6666669999999897
192.0,196.0,47,B2,4.0,1,48,0.0
192.0,196.0,35,B1,4.0,1,48,0.0
192.0,193.0,52,E3,1.0,0,48,0.0
192.333333,192.666667,56,G#3,0.333333,0,48,0.3333330000000103
192.666667,193.0,59,B3,0.333333,0,48,0.6666669999999897
193.0,194.0,54,F#3,1.0,0,48,1.0
193.333333,193.666667,57,A3,0.333333,0,48,1.3333330000000103
193.666667,194.0,59,B3,0.333333,0,48,1.6666669999999897
194.0,195.0,54,F#3,1.0,0,48,2.0
194.333333,194.666667,57,A3,0.333333,0,48,2.3333330000000103
194.666667,195.0,61,C#4,0.333333,0,48,2.6666669999999897
195.0,196.0,54,F#3,1.0,0,48,3.0
195.333333,195.666667,57,A3,0.333333,0,48,3.3333330000000103
195.666667,196.0,63,D#4,0.333333,0,48,3.6666669999999897
196.0,196.333333,64,E4,0.333333,0,49,0.0
196.0,197.0,52,E3,1.0,1,49,0.0
196.0,197.0,40,E2,1.0,1,49,0.0
196.0,196.333333,56,G#3,0.333333,0,49,0.0
196.333333,196.666667,59,B3,0.333333,0,49,0.3333330000000103
196.666667,197.0,56,G#3,0.333333,0,49,0.6666669999999897
197.0,197.333333,59,B3,0.333333,0,49,1.0
197.0,199.0,47,B2,2.0,1,49,1.0
197.333333,197.666667,64,E4,0.333333,0,49,1.3333330000000103
197.666667,198.0,68,G#4,0.333333,0,49,1.6666669999999897
198.0,198.333333,66,F#4,0.333333,0,49,2.0
198.333333,198.666667,63,D#4,0.333333,0,49,2.3333330000000103
198.666667,199.0,59,B3,0.333333,0,49,2.6666669999999897
199.0,201.0,47,B2,2.0,1,49,3.0
199.0,199.333333,63,D#4,0.333333,0,49,3.0
199.333333,199.666667,66,F#4,0.333333,0,49,3.3333330000000103
199.666667,200.0,69,A4,0.333333,0,49,3.6666669999999897
200.0,200.333333,68,G#4,0.333333,0,50,0.0
200.333333,200.666667,64,E4,0.333333,0,50,0.3333330000000103
200.666667,201.0,59,B3,0.333333,0,50,0.6666669999999897
201.0,203.0,47,B2,2.0,1,50,1.0
201.0,201.333333,64,E4,0.333333,0,50,1.0
201.333333,201.666667,68,G#4,0.333333,0,50,1.3333330000000103
201.666667,202.0,71,B4,0.333333,0,50,1.6666669999999897
202.0,202.333333,69,A4,0.333333,0,50,2.0
202.333333,202.666667,66,F#4,0.333333,0,50,2.3333330000000103
202.666667,203.0,63,D#4,0.333333,0,50,2.6666669999999897
203.0,204.0,47,B2,1.0,1,50,3.0
203.0,203.333333,75,D#5,0.333333,0,50,3.0
203.333333,203.666667,69,A4,0.333333,0,50,3.3333330000000103
203.666667,204.0,66,F#4,0.333333,0,50,3.6666669999999897
204.0,205.0,76,E5,1.0,0,51,0.0
204.0,204.333333,52,E3,0.333333,1,51,0.0
204.0,205.0,68,G#4,1.0,0,51,0.0
204.333333,204.666667,47,B2,0.333333,1,51,0.3333330000000103
204.666667,205.0,44,G#2,0.333333,1,51,0.6666669999999897
205.0,205.333333,47,B2,0.333333,1,51,1.0
205.0,207.0,71,B4,2.0,0,51,1.0
205.333333,205.666667,52,E3,0.333333,1,51,1.3333330000000103
205.666667,206.0,56,G#3,0.333333,1,51,1.6666669999999897
206.0,206.333333,54,F#3,0.333333,1,51,2.0
206.333333,206.666667,51,D#3,0.333333,1,51,2.3333330000000103
206.666667,207.0,47,B2,0.333333,1,51,2.6666669999999897
207.0,209.0,71,B4,2.0,0,51,3.0
207.0,207.333333,51,D#3,0.333333,1,51,3.0
207.333333,207.666667,54,F#3,0.333333,1,51,3.3333330000000103
207.666667,208.0,57,A3,0.333333,1,51,3.6666669999999897
208.0,208.333333,56,G#3,0.333333,1,52,0.0
208.333333,208.666667,52,E3,0.333333,1,52,0.3333330000000103
208.666667,209.0,47,B2,0.333333,1,52,0.6666669999999897
209.0,211.0,71,B4,2.0,0,52,1.0
209.0,209.333333,52,E3,0.333333,1,52,1.0
209.333333,209.666667,56,G#3,0.333333,1,52,1.3333330000000103
209.666667,210.0,59,B3,0.333333,1,52,1.6666669999999897
210.0,210.333333,57,A3,0.333333,1,52,2.0
210.333333,210.666667,54,F#3,0.333333,1,52,2.3333330000000103
210.666667,211.0,51,D#3,0.333333,1,52,2.6666669999999897
211.0,211.333333,63,D#4,0.333333,1,52,3.0
211.0,212.0,71,B4,1.0,0,52,3.0
211.333333,211.666667,57,A3,0.333333,1,52,3.3333330000000103
211.666667,212.0,54,F#3,0.333333,1,52,3.6666669999999897
212.0,212.333333,56,G#3,0.333333,1,53,0.0
212.0,212.333333,76,E5,0.333333,0,53,0.0
212.333333,212.666667,71,B4,0.333333,0,53,0.3333330000000103
212.333333,212.666667,59,B3,0.333333,1,53,0.3333330000000103
212.666667,213.0,64,E4,0.333333,1,53,0.6666669999999897
212.666667,213.0,68,G#4,0.333333,0,53,0.6666669999999897
213.0,213.333333,71,B4,0.333333,0,53,1.0
213.0,213.333333,59,B3,0.333333,1,53,1.0
213.333333,213.666667,76,E5,0.333333,0,53,1.3333330000000103
213.333333,213.666667,56,G#3,0.333333,1,53,1.3333330000000103
213.666667,214.0,80,G#5,0.333333,0,53,1.6666669999999897
213.666667,214.0,52,E3,0.333333,1,53,1.6666669999999897
214.0,214.333333,78,F#5,0.333333,0,53,2.0
214.0,214.333333,51,D#3,0.333333,1,53,2.0
214.333333,214.666667,75,D#5,0.333333,0,53,2.3333330000000103
214.333333,214.666667,54,F#3,0.333333,1,53,2.3333330000000103
214.666667,215.0,71,B4,0.333333,0,53,2.6666669999999897
214.666667,215.0,57,A3,0.333333,1,53,2.6666669999999897
215.0,215.333333,54,F#3,0.333333,1,53,3.0
215.0,215.333333,75,D#5,0.333333,0,53,3.0
215.333333,215.666667,51,D#3,0.333333,1,53,3.3333330000000103
215.333333,215.666667,78,F#5,0.333333,0,53,3.3333330000000103
215.666667,216.0,47,B2,0.333333,1,53,3.6666669999999897
215.666667,216.0,81,A5,0.333333,0,53,3.6666669999999897
216.0,216.333333,80,G#5,0.333333,0,54,0.0
216.0,216.333333,52,E3,0.333333,1,54,0.0
216.333333,216.666667,76,E5,0.333333,0,54,0.3333330000000103
216.333333,216.666667,56,G#3,0.333333,1,54,0.3333330000000103
216.666667,217.0,71,B4,0.333333,0,54,0.6666669999999897
216.666667,217.0,59,B3,0.333333,1,54,0.6666669999999897
217.0,217.333333,56,G#3,0.333333,1,54,1.0
217.0,217.333333,76,E5,0.333333,0,54,1.0
217.333333,217.666667,52,E3,0.333333,1,54,1.3333330000000103
217.333333,217.666667,80,G#5,0.333333,0,54,1.3333330000000103
217.666667,218.0,83,B5,0.333333,0,54,1.6666669999999897
217.666667,218.0,47,B2,0.333333,1,54,1.6666669999999897
218.0,218.333333,81,A5,0.333333,0,54,2.0
218.0,218.333333,54,F#3,0.333333,1,54,2.0
218.333333,218.666667,78,F#5,0.333333,0,54,2.3333330000000103
218.333333,218.666667,57,A3,0.333333,1,54,2.3333330000000103
218.666667,219.0,75,D#5,0.333333,0,54,2.6666669999999897
218.666667,219.0,59,B3,0.333333,1,54,2.6666669999999897
219.0,219.333333,57,A3,0.333333,1,54,3.0
219.0,219.333333,87,D#6,0.333333,0,54,3.0
219.333333,219.666667,59,B3,0.333333,1,54,3.3333330000000103
219.333333,219.666667,83,B5,0.333333,0,54,3.3333330000000103
219.666667,220.0,78,F#5,0.333333,0,54,3.6666669999999897
219.666667,220.0,66,F#4,0.333333,1,54,3.6666669999999897
220.0,220.333333,88,E6,0.333333,0,55,0.0
220.0,220.333333,56,G#3,0.333333,1,55,0.0
220.333333,220.666667,83,B5,0.333333,0,55,0.3333330000000103
220.333333,220.666667,59,B3,0.333333,1,55,0.3333330000000103
220.666667,221.0,64,E4,0.333333,1,55,0.6666669999999897
220.666667,221.0,80,G#5,0.333333,0,55,0.6666669999999897
221.0,221.333333,52,E3,0.333333,1,55,1.0
221.0,221.333333,83,B5,0.333333,0,55,1.0
221.333333,221.666667,56,G#3,0.333333,1,55,1.3333330000000103
221.333333,221.666667,80,G#5,0.333333,0,55,1.3333330000000103
221.666667,222.0,59,B3,0.333333,1,55,1.6666669999999897
221.666667,222.0,76,E5,0.333333,0,55,1.6666669999999897
222.0,222.333333,81,A5,0.333333,0,55,2.0
222.0,222.333333,54,F#3,0.333333,1,55,2.0
222.333333,222.666667,57,A3,0.333333,1,55,2.3333330000000103
222.333333,222.666667,78,F#5,0.333333,0,55,2.3333330000000103
222.666667,223.0,75,D#5,0.333333,0,55,2.6666669999999897
222.666667,223.0,59,B3,0.333333,1,55,2.6666669999999897
223.0,223.333333,87,D#6,0.333333,0,55,3.0
223.0,223.333333,57,A3,0.333333,1,55,3.0
223.333333,223.666667,83,B5,0.333333,0,55,3.3333330000000103
223.333333,223.666667,59,B3,0.333333,1,55,3.3333330000000103
223.666667,224.0,78,F#5,0.333333,0,55,3.6666669999999897
223.666667,224.0,66,F#4,0.333333,1,55,3.6666669999999897
224.0,224.333333,56,G#3,0.333333,1,56,0.0
224.0,224.333333,88,E6,0.333333,0,56,0.0
224.333333,224.666667,59,B3,0.333333,1,56,0.3333330000000103
224.333333,224.666667,83,B5,0.333333,0,56,0.3333330000000103
224.666667,225.0,64,E4,0.333333,1,56,0.6666669999999897
224.666667,225.0,80,G#5,0.333333,0,56,0.6666669999999897
225.0,225.333333,83,B5,0.333333,0,56,1.0
225.0,225.333333,52,E3,0.333333,1,56,1.0
225.333333,225.666667,80,G#5,0.333333,0,56,1.3333330000000103
225.333333,225.666667,56,G#3,0.333333,1,56,1.3333330000000103
225.666667,226.0,59,B3,0.333333,1,56,1.6666669999999897
225.666667,226.0,76,E5,0.333333,0,56,1.6666669999999897
226.0,226.333333,54,F#3,0.333333,1,56,2.0
226.0,226.333333,81,A5,0.333333,0,56,2.0
226.333333,226.666667,57,A3,0.333333,1,56,2.3333330000000103
226.333333,226.666667,78,F#5,0.333333,0,56,2.3333330000000103
226.666667,227.0,59,B3,0.333333,1,56,2.6666669999999897
226.666667,227.0,75,D#5,0.333333,0,56,2.6666669999999897
227.0,227.333333,57,A3,0.333333,1,56,3.0
227.0,227.333333,87,D#6,0.333333,0,56,3.0
227.333333,227.666667,83,B5,0.333333,0,56,3.3333330000000103
227.333333,227.666667,59,B3,0.333333,1,56,3.3333330000000103
227.666667,228.0,66,F#4,0.333333,1,56,3.6666669999999897
227.666667,228.0,78,F#5,0.333333,0,56,3.6666669999999897
228.0,228.25,56,G#3,0.25,1,57,0.0
228.0,228.25,88,E6,0.25,0,57,0.0
228.25,228.5,59,B3,0.25,1,57,0.25
228.25,228.5,83,B5,0.25,0,57,0.25
228.5,228.75,52,E3,0.25,1,57,0.5
228.5,228.75,80,G#5,0.25,0,57,0.5
228.75,229.0,59,B3,0.25,1,57,0.75
228.75,229.0,76,E5,0.25,0,57,0.75
229.0,229.25,54,F#3,0.25,1,57,1.0
229.0,229.25,81,A5,0.25,0,57,1.0
229.25,229.5,78,F#5,0.25,0,57,1.25
229.25,229.5,59,B3,0.25,1,57,1.25
229.5,229.75,57,A3,0.25,1,57,1.5
229.5,229.75,87,D#6,0.25,0,57,1.5
229.75,230.0,59,B3,0.25,1,57,1.75
229.75,230.0,83,B5,0.25,0,57,1.75
230.0,230.25,56,G#3,0.25,1,57,2.0
230.0,230.25,88,E6,0.25,0,57,2.0
230.25,230.5,59,B3,0.25,1,57,2.25
230.25,230.5,83,B5,0.25,0,57,2.25
230.5,230.75,80,G#5,0.25,0,57,2.5
230.5,230.75,52,E3,0.25,1,57,2.5
230.75,231.0,59,B3,0.25,1,57,2.75
230.75,231.0,76,E5,0.25,0,57,2.75
231.0,231.25,81,A5,0.25,0,57,3.0
231.0,231.25,54,F#3,0.25,1,57,3.0
231.25,231.5,78,F#5,0.25,0,57,3.25
231.25,231.5,59,B3,0.25,1,57,3.25
231.5,231.75,57,A3,0.25,1,57,3.5
231.5,231.75,87,D#6,0.25,0,57,3.5
231.75,232.0,83,B5,0.25,0,57,3.75
231.75,232.0,59,B3,0.25,1,57,3.75
232.0,232.25,88,E6,0.25,0,58,0.0
232.0,232.25,56,G#3,0.25,1,58,0.0
232.25,232.5,83,B5,0.25,0,58,0.25
232.25,232.5,59,B3,0.25,1,58,0.25
232.5,232.75,87,D#6,0.25,0,58,0.5
232.5,232.75,57,A3,0.25,1,58,0.5
232.75,233.0,83,B5,0.25,0,58,0.75
232.75,233.0,59,B3,0.25,1,58,0.75
233.0,233.25,88,E6,0.25,0,58,1.0
233.0,233.25,56,G#3,0.25,1,58,1.0
233.25,233.5,83,B5,0.25,0,58,1.25
233.25,233.5,59,B3,0.25,1,58,1.25
233.5,233.75,87,D#6,0.25,0,58,1.5
233.5,233.75,57,A3,0.25,1,58,1.5
233.75,234.0,59,B3,0.25,1,58,1.75
233.75,234.0,83,B5,0.25,0,58,1.75
234.0,234.25,88,E6,0.25,0,58,2.0
234.0,234.25,56,G#3,0.25,1,58,2.0
234.25,234.5,59,B3,0.25,1,58,2.25
234.25,234.5,83,B5,0.25,0,58,2.25
234.5,234.75,57,A3,0.25,1,58,2.5
234.5,234.75,87,D#6,0.25,0,58,2.5
234.75,235.0,59,B3,0.25,1,58,2.75
234.75,235.0,83,B5,0.25,0,58,2.75
235.0,235.25,56,G#3,0.25,1,58,3.0
235.0,235.25,88,E6,0.25,0,58,3.0
235.25,235.5,59,B3,0.25,1,58,3.25
235.25,235.5,83,B5,0.25,0,58,3.25
235.5,235.75,57,A3,0.25,1,58,3.5
235.5,235.75,87,D#6,0.25,0,58,3.5
235.75,236.0,59,B3,0.25,1,58,3.75
235.75,236.0,83,B5,0.25,0,58,3.75
236.0,236.25,88,E6,0.25,0,59,0.0
236.0,236.25,56,G#3,0.25,1,59,0.0
236.25,236.5,83,B5,0.25,0,59,0.25
236.25,236.5,59,B3,0.25,1,59,0.25
236.5,236.75,86,D6,0.25,0,59,0.5
236.5,236.75,44,G#2,0.25,1,59,0.5
236.75,237.0,52,E3,0.25,1,59,0.75
236.75,237.0,83,B5,0.25,0,59,0.75
237.0,237.25,44,G#2,0.25,1,59,1.0
237.0,237.25,86,D6,0.25,0,59,1.0
237.25,237.5,83,B5,0.25,0,59,1.25
237.25,237.5,52,E3,0.25,1,59,1.25
237.5,237.75,86,D6,0.25,0,59,1.5
237.5,237.75,44,G#2,0.25,1,59,1.5
237.75,238.0,83,B5,0.25,0,59,1.75
237.75,238.0,52,E3,0.25,1,59,1.75
238.0,238.25,44,G#2,0.25,1,59,2.0
238.0,238.25,86,D6,0.25,0,59,2.0
238.25,238.5,83,B5,0.25,0,59,2.25
238.25,238.5,52,E3,0.25,1,59,2.25
238.5,238.75,44,G#2,0.25,1,59,2.5
238.5,238.75,86,D6,0.25,0,59,2.5
238.75,239.0,52,E3,0.25,1,59,2.75
238.75,239.0,83,B5,0.25,0,59,2.75
239.0,239.25,86,D6,0.25,0,59,3.0
239.0,239.25,44,G#2,0.25,1,59,3.0
239.25,239.5,52,E3,0.25,1,59,3.25
239.25,239.5,83,B5,0.25,0,59,3.25
239.5,239.75,86,D6,0.25,0,59,3.5
239.5,239.75,44,G#2,0.25,1,59,3.5
239.75,240.0,52,E3,0.25,1,59,3.75
239.75,240.0,83,B5,0.25,0,59,3.75
240.0,240.5,86,D6,0.5,0,60,0.0
240.0,240.25,44,G#2,0.25,1,60,0.0
240.25,240.5,52,E3,0.25,1,60,0.25
240.5,240.75,85,C#6,0.25,0,60,0.5
240.5,240.75,44,G#2,0.25,1,60,0.5
240.75,241.0,83,B5,0.25,0,60,0.75
240.75,241.0,52,E3,0.25,1,60,0.75
241.0,241.25,81,A5,0.25,0,60,1.0
241.0,241.25,44,G#2,0.25,1,60,1.0
241.25,241.5,80,G#5,0.25,0,60,1.25
241.25,241.5,52,E3,0.25,1,60,1.25
241.5,241.75,44,G#2,0.25,1,60,1.5
241.5,241.75,78,F#5,0.25,0,60,1.5
241.75,242.0,52,E3,0.25,1,60,1.75
241.75,242.0,76,E5,0.25,0,60,1.75
242.0,242.25,74,D5,0.25,0,60,2.0
242.0,242.25,44,G#2,0.25,1,60,2.0
242.25,242.5,73,C#5,0.25,0,60,2.25
242.25,242.5,52,E3,0.25,1,60,2.25
242.5,242.75,71,B4,0.25,0,60,2.5
242.5,242.75,44,G#2,0.25,1,60,2.5
242.75,243.0,69,A4,0.25,0,60,2.75
242.75,243.0,52,E3,0.25,1,60,2.75
243.0,243.25,68,G#4,0.25,0,60,3.0
243.0,243.25,44,G#2,0.25,1,60,3.0
243.25,243.5,66,F#4,0.25,0,60,3.25
243.25,243.5,52,E3,0.25,1,60,3.25
243.5,243.75,64,E4,0.25,0,60,3.5
243.5,243.75,44,G#2,0.25,1,60,3.5
243.75,244.0,52,E3,0.25,1,60,3.75
243.75,244.0,62,D4,0.25,0,60,3.75
244.0,244.25,61,C#4,0.25,0,61,0.0
244.0,244.5,45,A2,0.5,1,61,0.0
244.0,244.5,49,C#3,0.5,1,61,0.0
244.0,244.5,52,E3,0.5,1,61,0.0
244.25,244.5,63,D#4,0.25,0,61,0.25
244.5,244.75,64,E4,0.25,0,61,0.5
244.5,245.0,52,E3,0.5,1,61,0.5
244.5,245.0,49,C#3,0.5,1,61,0.5
244.5,245.0,45,A2,0.5,1,61,0.5
244.75,245.0,63,D#4,0.25,0,61,0.75
245.0,245.25,64,E4,0.25,0,61,1.0
245.25,245.5,68,G#4,0.25,0,61,1.25
245.5,246.0,52,E3,0.5,1,61,1.5
245.5,245.75,69,A4,0.25,0,61,1.5
245.5,246.0,49,C#3,0.5,1,61,1.5
245.5,246.0,45,A2,0.5,1,61,1.5
245.75,246.0,68,G#4,0.25,0,61,1.75
246.0,246.5,52,E3,0.5,1,61,2.0
246.0,246.5,49,C#3,0.5,1,61,2.0
246.0,246.5,45,A2,0.5,1,61,2.0
246.0,246.25,69,A4,0.25,0,61,2.0
246.25,246.5,72,C5,0.25,0,61,2.25
246.5,247.0,49,C#3,0.5,1,61,2.5
246.5,247.0,45,A2,0.5,1,61,2.5
246.5,247.0,52,E3,0.5,1,61,2.5
246.5,246.75,73,C#5,0.25,0,61,2.5
246.75,247.0,72,C5,0.25,0,61,2.75
247.0,247.25,73,C#5,0.25,0,61,3.0
247.25,247.5,75,D#5,0.25,0,61,3.25
247.5,248.0,45,A2,0.5,1,61,3.5
247.5,247.75,76,E5,0.25,0,61,3.5
247.5,248.0,52,E3,0.5,1,61,3.5
247.5,248.0,49,C#3,0.5,1,61,3.5
247.75,248.0,75,D#5,0.25,0,61,3.75
248.0,248.25,76,E5,0.25,0,62,0.0
248.0,248.5,52,E3,0.5,1,62,0.0
248.0,248.5,49,C#3,0.5,1,62,0.0
248.0,248.5,45,A2,0.5,1,62,0.0
248.25,248.5,80,G#5,0.25,0,62,0.25
248.5,249.0,52,E3,0.5,1,62,0.5
248.5,249.0,49,C#3,0.5,1,62,0.5
248.5,248.75,81,A5,0.25,0,62,0.5
248.5,249.0,45,A2,0.5,1,62,0.5
248.75,249.0,80,G#5,0.25,0,62,0.75
249.0,249.25,81,A5,0.25,0,62,1.0
249.25,249.5,84,C6,0.25,0,62,1.25
249.5,250.0,52,E3,0.5,1,62,1.5
249.5,250.0,49,C#3,0.5,1,62,1.5
249.5,250.0,45,A2,0.5,1,62,1.5
249.5,249.75,85,C#6,0.25,0,62,1.5
249.75,250.0,84,C6,0.25,0,62,1.75
250.0,250.25,85,C#6,0.25,0,62,2.0
250.0,250.5,45,A2,0.5,1,62,2.0
250.0,250.5,49,C#3,0.5,1,62,2.0
250.0,250.5,52,E3,0.5,1,62,2.0
250.25,250.5,87,D#6,0.25,0,62,2.25
250.5,251.0,45,A2,0.5,1,62,2.5
250.5,251.0,49,C#3,0.5,1,62,2.5
250.5,251.0,52,E3,0.5,1,62,2.5
250.5,250.75,88,E6,0.25,0,62,2.5
250.75,251.0,87,D#6,0.25,0,62,2.75
251.0,251.25,88,E6,0.25,0,62,3.0
251.25,251.5,87,D#6,0.25,0,62,3.25
251.5,251.75,85,C#6,0.25,0,62,3.5
251.5,252.0,52,E3,0.5,1,62,3.5
251.5,252.0,49,C#3,0.5,1,62,3.5
251.5,252.0,45,A2,0.5,1,62,3.5
251.75,252.0,84,C6,0.25,0,62,3.75
252.0,252.5,52,E3,0.5,1,63,0.0
252.0,252.5,49,C#3,0.5,1,63,0.0
252.0,252.5,46,A#2,0.5,1,63,0.0
252.0,252.5,54,F#3,0.5,1,63,0.0
252.0,252.25,85,C#6,0.25,0,63,0.0
252.25,252.5,84,C6,0.25,0,63,0.25
252.5,253.0,54,F#3,0.5,1,63,0.5
252.5,253.0,46,A#2,0.5,1,63,0.5
252.5,252.75,85,C#6,0.25,0,63,0.5
252.5,253.0,49,C#3,0.5,1,63,0.5
252.5,253.0,52,E3,0.5,1,63,0.5
252.75,253.0,87,D#6,0.25,0,63,0.75
253.0,253.25,88,E6,0.25,0,63,1.0
253.25,253.5,87,D#6,0.25,0,63,1.25
253.5,254.0,49,C#3,0.5,1,63,1.5
253.5,254.0,54,F#3,0.5,1,63,1.5
253.5,253.75,85,C#6,0.25,0,63,1.5
253.5,254.0,52,E3,0.5,1,63,1.5
253.5,254.0,46,A#2,0.5,1,63,1.5
253.75,254.0,84,C6,0.25,0,63,1.75
254.0,254.5,46,A#2,0.5,1,63,2.0
254.0,254.5,49,C#3,0.5,1,63,2.0
254.0,254.5,52,E3,0.5,1,63,2.0
254.0,254.5,54,F#3,0.5,1,63,2.0
254.0,254.25,85,C#6,0.25,0,63,2.0
254.25,254.5,84,C6,0.25,0,63,2.25
254.5,255.0,54,F#3,0.5,1,63,2.5
254.5,255.0,52,E3,0.5,1,63,2.5
254.5,255.0,49,C#3,0.5,1,63,2.5
254.5,254.75,85,C#6,0.25,0,63,2.5
254.5,255.0,46,A#2,0.5,1,63,2.5
254.75,255.0,87,D#6,0.25,0,63,2.75
255.0,255.25,88,E6,0.25,0,63,3.0
255.25,255.5,87,D#6,0.25,0,63,3.25
255.5,256.0,54,F#3,0.5,1,63,3.5
255.5,255.75,85,C#6,0.25,0,63,3.5
255.5,256.0,46,A#2,0.5,1,63,3.5
255.5,256.0,49,C#3,0.5,1,63,3.5
255.5,256.0,52,E3,0.5,1,63,3.5
255.75,256.0,84,C6,0.25,0,63,3.75
256.0,256.5,54,F#3,0.5,1,64,0.0
256.0,256.5,52,E3,0.5,1,64,0.0
256.0,256.25,85,C#6,0.25,0,64,0.0
256.0,256.5,46,A#2,0.5,1,64,0.0
256.0,256.5,49,C#3,0.5,1,64,0.0
256.25,256.5,84,C6,0.25,0,64,0.25
256.5,257.0,46,A#2,0.5,1,64,0.5
256.5,257.0,54,F#3,0.5,1,64,0.5
256.5,257.0,52,E3,0.5,1,64,0.5
256.5,257.0,49,C#3,0.5,1,64,0.5
256.5,256.75,85,C#6,0.25,0,64,0.5
256.75,257.0,87,D#6,0.25,0,64,0.75
257.0,257.25,88,E6,0.25,0,64,1.0
257.25,257.5,87,D#6,0.25,0,64,1.25
257.5,257.75,85,C#6,0.25,0,64,1.5
257.5,258.0,46,A#2,0.5,1,64,1.5
257.5,258.0,52,E3,0.5,1,64,1.5
257.5,258.0,54,F#3,0.5,1,64,1.5
257.5,258.0,49,C#3,0.5,1,64,1.5
257.75,258.0,84,C6,0.25,0,64,1.75
258.0,258.5,52,E3,0.5,1,64,2.0
258.0,258.25,85,C#6,0.25,0,64,2.0
258.0,258.5,46,A#2,0.5,1,64,2.0
258.0,258.5,49,C#3,0.5,1,64,2.0
258.0,258.5,54,F#3,0.5,1,64,2.0
258.25,258.5,84,C6,0.25,0,64,2.25
258.5,259.0,46,A#2,0.5,1,64,2.5
258.5,259.0,49,C#3,0.5,1,64,2.5
258.5,259.0,52,E3,0.5,1,64,2.5
258.5,258.75,85,C#6,0.25,0,64,2.5
258.5,259.0,54,F#3,0.5,1,64,2.5
258.75,259.0,87,D#6,0.25,0,64,2.75
259.0,259.25,88,E6,0.25,0,64,3.0
259.25,259.5,87,D#6,0.25,0,64,3.25
259.5,260.0,46,A#2,0.5,1,64,3.5
259.5,259.75,88,E6,0.25,0,64,3.5
259.5,260.0,54,F#3,0.5,1,64,3.5
259.5,260.0,52,E3,0.5,1,64,3.5
259.5,260.0,49,C#3,0.5,1,64,3.5
259.75,260.0,85,C#6,0.25,0,64,3.75
260.0,260.5,71,B4,0.5,0,65,0.0
260.0,260.25,47,B2,0.25,1,65,0.0
260.0,260.5,83,B5,0.5,0,65,0.0
260.25,260.5,52,E3,0.25,1,65,0.25
260.5,261.0,71,B4,0.5,0,65,0.5
260.5,261.0,83,B5,0.5,0,65,0.5
260.5,260.75,56,G#3,0.25,1,65,0.5
260.75,261.0,59,B3,0.25,1,65,0.75
261.0,261.25,47,B2,0.25,1,65,1.0
261.0,261.5,68,G#4,0.5,0,65,1.0
261.0,261.5,80,G#5,0.5,0,65,1.0
261.25,261.5,52,E3,0.25,1,65,1.25
261.5,262.0,64,E4,0.5,0,65,1.5
261.5,262.0,76,E5,0.5,0,65,1.5
261.5,261.75,56,G#3,0.25,1,65,1.5
261.75,262.0,59,B3,0.25,1,65,1.75
262.0,262.5,88,E6,0.5,0,65,2.0
262.0,262.25,47,B2,0.25,1,65,2.0
262.0,262.5,76,E5,0.5,0,65,2.0
262.25,262.5,52,E3,0.25,1,65,2.25
262.5,263.0,88,E6,0.5,0,65,2.5
262.5,263.0,76,E5,0.5,0,65,2.5
262.5,262.75,56,G#3,0.25,1,65,2.5
262.75,263.0,59,B3,0.25,1,65,2.75
263.0,263.5,83,B5,0.5,0,65,3.0
263.0,263.5,71,B4,0.5,0,65,3.0
263.0,263.25,47,B2,0.25,1,65,3.0
263.25,263.5,52,E3,0.25,1,65,3.25
263.5,263.75,56,G#3,0.25,1,65,3.5
263.5,264.0,80,G#5,0.5,0,65,3.5
263.5,264.0,68,G#4,0.5,0,65,3.5
263.75,264.0,59,B3,0.25,1,65,3.75
264.0,264.25,47,B2,0.25,1,66,0.0
264.0,264.5,83,B5,0.5,0,66,0.0
264.0,264.5,71,B4,0.5,0,66,0.0
264.25,264.5,52,E3,0.25,1,66,0.25
264.5,265.0,71,B4,0.5,0,66,0.5
264.5,265.0,83,B5,0.5,0,66,0.5
264.5,264.75,56,G#3,0.25,1,66,0.5
264.75,265.0,59,B3,0.25,1,66,0.75
265.0,265.25,47,B2,0.25,1,66,1.0
265.0,265.5,68,G#4,0.5,0,66,1.0
265.0,265.5,80,G#5,0.5,0,66,1.0
265.25,265.5,52,E3,0.25,1,66,1.25
265.5,266.0,64,E4,0.5,0,66,1.5
265.5,266.0,76,E5,0.5,0,66,1.5
265.5,265.75,56,G#3,0.25,1,66,1.5
265.75,266.0,59,B3,0.25,1,66,1.75
266.0,266.5,76,E5,0.5,0,66,2.0
266.0,266.5,88,E6,0.5,0,66,2.0
266.0,266.5,56,G#3,0.5,1,66,2.0
266.5,267.0,88,E6,0.5,0,66,2.5
266.5,267.0,76,E5,0.5,0,66,2.5
266.5,267.0,56,G#3,0.5,1,66,2.5
267.0,267.5,83,B5,0.5,0,66,3.0
267.0,267.5,71,B4,0.5,0,66,3.0
267.0,267.5,52,E3,0.5,1,66,3.0
267.5,268.0,80,G#5,0.5,0,66,3.5
267.5,268.0,68,G#4,0.5,0,66,3.5
267.5,268.0,47,B2,0.5,1,66,3.5
268.0,268.5,59,B3,0.5,1,67,0.0
268.25,268.5,80,G#5,0.25,0,67,0.25
268.5,268.75,83,B5,0.25,0,67,0.5
268.5,269.0,56,G#3,0.5,1,67,0.5
268.75,269.0,80,G#5,0.25,0,67,0.75
269.0,269.5,64,E4,0.5,1,67,1.0
269.0,269.25,83,B5,0.25,0,67,1.0
269.25,269.5,80,G#5,0.25,0,67,1.25
269.5,270.0,59,B3,0.5,1,67,1.5
269.5,269.75,83,B5,0.25,0,67,1.5
269.75,270.0,80,G#5,0.25,0,67,1.75
270.0,270.25,83,B5,0.25,0,67,2.0
270.0,270.5,68,G#4,0.5,1,67,2.0
270.25,270.5,80,G#5,0.25,0,67,2.25
270.5,271.0,64,E4,0.5,1,67,2.5
270.5,270.75,83,B5,0.25,0,67,2.5
270.75,271.0,80,G#5,0.25,0,67,2.75
271.0,271.25,83,B5,0.25,0,67,3.0
271.0,271.5,71,B4,0.5,1,67,3.0
271.25,271.5,80,G#5,0.25,0,67,3.25
271.5,272.0,68,G#4,0.5,1,67,3.5
271.5,271.75,83,B5,0.25,0,67,3.5
271.75,272.0,80,G#5,0.25,0,67,3.75
272.0,272.5,76,E5,0.5,1,68,0.0
272.0,272.25,83,B5,0.25,0,68,0.0
272.25,272.5,80,G#5,0.25,0,68,0.25
272.5,273.0,71,B4,0.5,1,68,0.5
272.5,272.75,83,B5,0.25,0,68,0.5
272.75,273.0,80,G#5,0.25,0,68,0.75
273.0,273.5,76,E5,0.5,1,68,1.0
273.0,273.25,83,B5,0.25,0,68,1.0
273.25,273.5,80,G#5,0.25,0,68,1.25
273.5,274.0,71,B4,0.5,1,68,1.5
273.5,273.75,83,B5,0.25,0,68,1.5
273.75,274.0,80,G#5,0.25,0,68,1.75
274.0,274.25,83,B5,0.25,0,68,2.0
274.0,274.5,76,E5,0.5,1,68,2.0
274.25,274.5,80,G#5,0.25,0,68,2.25
274.5,274.75,83,B5,0.25,0,68,2.5
274.5,275.0,71,B4,0.5,1,68,2.5
274.75,275.0,80,G#5,0.25,0,68,2.75
275.0,275.5,76,E5,0.5,1,68,3.0
275.0,275.25,83,B5,0.25,0,68,3.0
275.25,275.5,80,G#5,0.25,0,68,3.25
275.5,275.75,83,B5,0.25,0,68,3.5
275.5,276.0,71,B4,0.5,1,68,3.5
275.75,276.0,80,G#5,0.25,0,68,3.75
276.0,276.5,75,D#5,0.5,1,69,0.0
276.25,276.5,81,A5,0.25,0,69,0.25
276.5,276.75,83,B5,0.25,0,69,0.5
276.5,277.0,71,B4,0.5,1,69,0.5
276.75,277.0,81,A5,0.25,0,69,0.75
277.0,277.25,84,C6,0.25,0,69,1.0
277.0,277.5,75,D#5,0.5,1,69,1.0
277.25,277.5,81,A5,0.25,0,69,1.25
277.5,277.75,83,B5,0.25,0,69,1.5
277.5,278.0,71,B4,0.5,1,69,1.5
277.75,278.0,81,A5,0.25,0,69,1.75
278.0,278.25,84,C6,0.25,0,69,2.0
278.0,278.5,75,D#5,0.5,1,69,2.0
278.25,278.5,81,A5,0.25,0,69,2.25
278.5,278.75,83,B5,0.25,0,69,2.5
278.5,279.0,71,B4,0.5,1,69,2.5
278.75,279.0,81,A5,0.25,0,69,2.75
279.0,279.25,84,C6,0.25,0,69,3.0
279.0,279.5,75,D#5,0.5,1,69,3.0
279.25,279.5,81,A5,0.25,0,69,3.25
279.5,279.75,83,B5,0.25,0,69,3.5
279.5,280.0,71,B4,0.5,1,69,3.5
279.75,280.0,81,A5,0.25,0,69,3.75
280.0,280.25,84,C6,0.25,0,70,0.0
280.0,280.5,75,D#5,0.5,1,70,0.0
280.25,280.5,81,A5,0.25,0,70,0.25
280.5,280.75,83,B5,0.25,0,70,0.5
280.5,281.0,71,B4,0.5,1,70,0.5
280.75,281.0,81,A5,0.25,0,70,0.75
281.0,281.25,84,C6,0.25,0,70,1.0
281.0,281.5,75,D#5,0.5,1,70,1.0
281.25,281.5,81,A5,0.25,0,70,1.25
281.5,281.75,83,B5,0.25,0,70,1.5
281.5,282.0,71,B4,0.5,1,70,1.5
281.75,282.0,81,A5,0.25,0,70,1.75
282.0,282.25,84,C6,0.25,0,70,2.0
282.0,282.5,75,D#5,0.5,1,70,2.0
282.25,282.5,81,A5,0.25,0,70,2.25
282.5,282.75,83,B5,0.25,0,70,2.5
282.5,283.0,71,B4,0.5,1,70,2.5
282.75,283.0,81,A5,0.25,0,70,2.75
283.0,283.5,75,D#5,0.5,1,70,3.0
283.0,283.25,84,C6,0.25,0,70,3.0
283.25,283.5,81,A5,0.25,0,70,3.25
283.5,284.0,71,B4,0.5,1,70,3.5
283.5,283.75,83,B5,0.25,0,70,3.5
283.75,284.0,81,A5,0.25,0,70,3.75
284.0,292.0,75,D#5,8.0,1,71,0.0
284.0,284.25,85,C#6,0.25,0,71,0.0
284.25,284.5,81,A5,0.25,0,71,0.25
284.5,284.75,83,B5,0.25,0,71,0.5
284.75,285.0,81,A5,0.25,0,71,0.75
285.0,285.25,85,C#6,0.25,0,71,1.0
285.25,285.5,81,A5,0.25,0,71,1.25
285.5,285.75,83,B5,0.25,0,71,1.5
285.75,286.0,81,A5,0.25,0,71,1.75
286.0,286.25,85,C#6,0.25,0,71,2.0
286.25,286.5,81,A5,0.25,0,71,2.25
286.5,286.75,83,B5,0.25,0,71,2.5
286.75,287.0,81,A5,0.25,0,71,2.75
287.0,287.25,85,C#6,0.25,0,71,3.0
287.25,287.5,81,A5,0.25,0,71,3.25
287.5,287.75,83,B5,0.25,0,71,3.5
287.75,288.0,81,A5,0.25,0,71,3.75
288.0,288.25,90,F#6,0.25,0,72,0.0
288.25,288.5,83,B5,0.25,0,72,0.25
288.25,288.5,81,A5,0.25,0,72,0.25
288.5,288.75,90,F#6,0.25,0,72,0.5
288.75,289.0,81,A5,0.25,0,72,0.75
288.75,289.0,83,B5,0.25,0,72,0.75
289.0,289.25,90,F#6,0.25,0,72,1.0
289.25,289.5,81,A5,0.25,0,72,1.25
289.25,289.5,83,B5,0.25,0,72,1.25
289.5,289.75,90,F#6,0.25,0,72,1.5
289.75,290.0,83,B5,0.25,0,72,1.75
289.75,290.0,81,A5,0.25,0,72,1.75
290.0,290.25,90,F#6,0.25,0,72,2.0
290.25,290.5,81,A5,0.25,0,72,2.25
290.25,290.5,83,B5,0.25,0,72,2.25
290.5,290.75,90,F#6,0.25,0,72,2.5
290.75,291.0,83,B5,0.25,0,72,2.75
290.75,291.0,81,A5,0.25,0,72,2.75
291.0,291.25,90,F#6,0.25,0,72,3.0
291.25,291.5,81,A5,0.25,0,72,3.25
291.25,291.5,83,B5,0.25,0,72,3.25
291.5,291.75,90,F#6,0.25,0,72,3.5
291.75,292.0,81,A5,0.25,0,72,3.75
291.75,292.0,83,B5,0.25,0,72,3.75
292.0,300.0,64,E4,8.0,1,73,0.0
292.0,295.0,80,G#5,3.0,0,73,0.0
292.0,295.0,83,B5,3.0,0,73,0.0
292.0,294.0,76,E5,2.0,1,73,0.0
292.0,295.0,88,E6,3.0,0,73,0.0
294.0,296.0,68,G#4,2.0,1,73,2.0
294.0,296.0,74,D5,2.0,1,73,2.0
294.0,296.0,71,B4,2.0,1,73,2.0
295.0,295.25,88,E6,0.25,0,73,3.0
295.25,295.5,86,D6,0.25,0,73,3.25
295.5,295.75,84,C6,0.25,0,73,3.5
295.75,296.0,83,B5,0.25,0,73,3.75
296.0,298.0,72,C5,2.0,1,74,0.0
296.0,298.0,69,A4,2.0,1,74,0.0
296.0,296.25,84,C6,0.25,0,74,0.0
296.25,296.5,83,B5,0.25,0,74,0.25
296.5,296.75,81,A5,0.25,0,74,0.5
296.75,297.0,80,G#5,0.25,0,74,0.75
297.0,297.25,81,A5,0.25,0,74,1.0
297.25,297.5,83,B5,0.25,0,74,1.25
297.5,297.75,84,C6,0.25,0,74,1.5
297.75,298.0,86,D6,0.25,0,74,1.75
298.0,298.25,88,E6,0.25,0,74,2.0
298.0,300.0,68,G#4,2.0,1,74,2.0
298.0,300.0,74,D5,2.0,1,74,2.0
298.0,300.0,71,B4,2.0,1,74,2.0
298.25,298.5,89,F6,0.25,0,74,2.25
298.5,298.75,88,E6,0.25,0,74,2.5
298.75,299.0,87,D#6,0.25,0,74,2.75
299.0,299.25,88,E6,0.25,0,74,3.0
299.25,299.5,86,D6,0.25,0,74,3.25
299.5,299.75,84,C6,0.25,0,74,3.5
299.75,300.0,83,B5,0.25,0,74,3.75
300.0,301.0,69,A4,1.0,1,75,0.0
300.0,300.25,84,C6,0.25,0,75,0.0
300.0,301.0,72,C5,1.0,1,75,0.0
300.25,300.5,86,D6,0.25,0,75,0.25
300.5,300.75,84,C6,0.25,0,75,0.5
300.75,301.0,83,B5,0.25,0,75,0.75
301.0,301.25,81,A5,0.25,0,75,1.0
301.25,301.5,80,G#5,0.25,0,75,1.25
301.5,301.75,81,A5,0.25,0,75,1.5
301.75,302.0,83,B5,0.25,0,75,1.75
302.0,303.0,84,C6,1.0,0,75,2.0
302.0,304.0,66,F#4,2.0,1,75,2.0
302.0,304.0,72,C5,2.0,0,75,2.0
302.0,304.0,57,A3,2.0,1,75,2.0
302.0,304.0,60,C4,2.0,1,75,2.0
302.0,304.0,69,A4,2.0,1,75,2.0
303.0,303.5,81,A5,0.5,0,75,3.0
303.5,304.0,78,F#5,0.5,0,75,3.5
304.0,306.0,59,B3,2.0,1,76,0.0
304.0,306.0,71,B4,2.0,0,76,0.0
304.0,305.0,83,B5,1.0,0,76,0.0
304.0,306.0,64,E4,2.0,1,76,0.0
304.0,306.0,67,G4,2.0,1,76,0.0
305.0,305.5,79,G5,0.5,0,76,1.0
305.5,306.0,76,E5,0.5,0,76,1.5
306.0,307.0,81,A5,1.0,0,76,2.0
306.0,308.0,69,A4,2.0,0,76,2.0
306.0,308.0,59,B3,2.0,1,76,2.0
306.0,308.0,63,D#4,2.0,1,76,2.0
306.0,308.0,66,F#4,2.0,1,76,2.0
307.0,307.5,78,F#5,0.5,0,76,3.0
307.5,308.0,75,D#5,0.5,0,76,3.5
308.0,316.0,52,E3,8.0,1,77,0.0
308.0,311.0,76,E5,3.0,0,77,0.0
308.0,310.0,64,E4,2.0,1,77,0.0
310.0,312.0,56,G#3,2.0,1,77,2.0
310.0,312.0,59,B3,2.0,1,77,2.0
310.0,312.0,62,D4,2.0,1,77,2.0
311.0,311.25,76,E5,0.25,0,77,3.0
311.25,311.5,74,D5,0.25,0,77,3.25
311.5,311.75,72,C5,0.25,0,77,3.5
311.75,312.0,71,B4,0.25,0,77,3.75
312.0,314.0,57,A3,2.0,1,78,0.0
312.0,312.25,72,C5,0.25,0,78,0.0
312.0,314.0,60,C4,2.0,1,78,0.0
312.25,312.5,71,B4,0.25,0,78,0.25
312.5,312.75,69,A4,0.25,0,78,0.5
312.75,313.0,68,G#4,0.25,0,78,0.75
313.0,313.25,69,A4,0.25,0,78,1.0
313.25,313.5,71,B4,0.25,0,78,1.25
313.5,313.75,72,B#4,0.25,0,78,1.5
313.75,314.0,74,D5,0.25,0,78,1.75
314.0,314.25,76,E5,0.25,0,78,2.0
314.0,316.0,62,D4,2.0,1,78,2.0
314.0,316.0,59,B3,2.0,1,78,2.0
314.0,316.0,56,G#3,2.0,1,78,2.0
314.25,314.5,77,F5,0.25,0,78,2.25
314.5,314.75,76,E5,0.25,0,78,2.5
314.75,315.0,75,D#5,0.25,0,78,2.75
315.0,315.25,76,E5,0.25,0,78,3.0
315.25,315.5,74,D5,0.25,0,78,3.25
315.5,315.75,72,C5,0.25,0,78,3.5
315.75,316.0,71,B4,0.25,0,78,3.75
316.0,316.25,72,C5,0.25,0,79,0.0
316.0,317.0,60,C4,1.0,1,79,0.0
316.0,317.0,57,A3,1.0,1,79,0.0
316.25,316.5,74,D5,0.25,0,79,0.25
316.5,316.75,72,C5,0.25,0,79,0.5
316.75,317.0,71,B4,0.25,0,79,0.75
317.0,317.25,69,A4,0.25,0,79,1.0
317.25,317.5,68,G#4,0.25,0,79,1.25
317.5,317.75,69,A4,0.25,0,79,1.5
317.75,318.0,71,B4,0.25,0,79,1.75
318.0,320.0,54,F#3,2.0,1,79,2.0
318.0,320.0,48,C3,2.0,1,79,2.0
318.0,320.0,45,A2,2.0,1,79,2.0
318.0,319.0,72,C5,1.0,0,79,2.0
318.0,320.0,60,C4,2.0,0,79,2.0
318.0,320.0,57,A3,2.0,1,79,2.0
319.0,319.5,69,A4,0.5,0,79,3.0
319.5,320.0,66,F#4,0.5,0,79,3.5
320.0,322.0,52,E3,2.0,1,80,0.0
320.0,322.0,55,G3,2.0,1,80,0.0
320.0,321.0,71,B4,1.0,0,80,0.0
320.0,322.0,59,B3,2.0,0,80,0.0
320.0,322.0,47,B2,2.0,1,80,0.0
321.0,321.5,67,G4,0.5,0,80,1.0
321.5,322.0,64,E4,0.5,0,80,1.5
322.0,324.0,54,F#3,2.0,1,80,2.0
322.0,324.0,51,D#3,2.0,1,80,2.0
322.0,324.0,47,B2,2.0,1,80,2.0
322.0,323.0,69,A4,1.0,0,80,2.0
322.0,324.0,57,A3,2.0,0,80,2.0
323.0,323.5,66,F#4,0.5,0,80,3.0
323.5,324.0,63,D#4,0.5,0,80,3.5
324.0,325.0,55,G3,1.0,1,81,0.0
324.0,325.0,64,E4,1.0,0,81,0.0
324.0,325.0,52,E3,1.0,1,81,0.0
325.0,325.5,76,E5,0.5,0,81,1.0
325.0,326.5,52,E3,1.5,1,81,1.0
325.0,326.0,43,G2,1.0,1,81,1.0
325.5,326.0,74,D5,0.5,0,81,1.5
326.0,328.0,45,A2,2.0,1,81,2.0
326.0,327.0,72,C5,1.0,0,81,2.0
326.5,327.0,53,F3,0.5,1,81,2.5
327.0,327.5,69,A4,0.5,0,81,3.0
327.0,327.5,55,G3,0.5,1,81,3.0
327.5,328.0,65,F4,0.5,0,81,3.5
327.5,328.0,57,A3,0.5,1,81,3.5
328.0,329.0,71,B4,1.0,0,82,0.0
328.0,330.0,55,G3,2.0,1,82,0.0
328.0,330.0,59,B3,2.0,1,82,0.0
328.0,332.0,47,B2,4.0,1,82,0.0
329.0,329.5,67,G4,0.5,0,82,1.0
329.5,330.0,64,E4,0.5,0,82,1.5
330.0,332.0,57,A3,2.0,1,82,2.0
330.0,331.0,69,A4,1.0,0,82,2.0
330.0,332.0,54,F#3,2.0,1,82,2.0
331.0,331.5,66,F#4,0.5,0,82,3.0
331.5,332.0,63,D#4,0.5,0,82,3.5
332.0,333.0,64,E4,1.0,0,83,0.0
332.0,333.0,52,E3,1.0,1,83,0.0
332.0,333.0,55,G3,1.0,1,83,0.0
332.0,333.0,48,C3,1.0,1,83,0.0
333.0,334.5,48,C3,1.5,1,83,1.0
333.0,334.0,40,E2,1.0,1,83,1.0
333.0,333.5,72,C5,0.5,0,83,1.0
333.5,334.0,71,B4,0.5,0,83,1.5
334.0,335.0,69,A4,1.0,0,83,2.0
334.0,336.0,41,F2,2.0,1,83,2.0
334.5,335.0,50,D3,0.5,1,83,2.5
335.0,335.5,65,F4,0.5,0,83,3.0
335.0,335.5,52,E3,0.5,1,83,3.0
335.5,336.0,62,D4,0.5,0,83,3.5
335.5,336.0,53,F3,0.5,1,83,3.5
336.0,338.0,55,G3,2.0,1,84,0.0
336.0,337.0,67,G4,1.0,0,84,0.0
336.0,340.0,43,G2,4.0,1,84,0.0
336.0,338.0,52,E3,2.0,1,84,0.0
337.0,337.5,64,E4,0.5,0,84,1.0
337.5,338.0,60,C4,0.5,0,84,1.5
338.0,340.0,50,D3,2.0,1,84,2.0
338.0,339.0,65,F4,1.0,0,84,2.0
338.0,340.0,53,F3,2.0,1,84,2.0
339.0,339.5,62,D4,0.5,0,84,3.0
339.5,340.0,59,B3,0.5,0,84,3.5
340.0,341.0,60,C4,1.0,0,85,0.0
340.0,341.0,52,E3,1.0,1,85,0.0
340.0,341.0,48,C3,1.0,1,85,0.0
